region,unemployment,month,earthquake,period,zone
I,7.4,2009m3,0,-1,0
I,7.2,2009m4,0,-1,0
I,6.7,2009m5,0,-1,0
I,6.1,2009m6,0,-1,0
I,5.7,2009m7,0,-1,0
I,6.4,2009m8,0,-1,0
I,6.6,2009m9,0,-1,0
I,7,2009m10,0,-1,0
I,7.1,2009m11,0,-1,0
I,6.4,2009m12,0,-1,0
I,7.2,2010m1,0,-1,0
I,6.6,2010m2,0,-1,0
I,6.6,2010m3,1,0,0
I,5.6,2010m4,1,0,0
I,5.9,2010m5,1,0,0
I,6,2010m6,1,0,0
I,4.9,2010m7,1,0,0
I,4.5,2010m8,1,0,0
I,4.1,2010m9,1,0,0
I,4.8,2010m10,1,0,0
I,5,2010m11,1,0,0
I,4.9,2010m12,1,0,0
I,6.3,2011m1,1,0,0
I,6.1,2011m2,1,0,0
I,6.7,2011m3,1,1,0
I,5,2011m4,1,1,0
I,4.7,2011m5,1,1,0
I,4.7,2011m6,1,1,0
I,4.9,2011m7,1,1,0
I,4.7,2011m8,1,1,0
I,4.8,2011m9,1,1,0
I,4.3,2011m10,1,1,0
I,4.8,2011m11,1,1,0
I,5,2011m12,1,1,0
I,5.2,2012m1,1,1,0
I,4.8,2012m2,1,1,0
I,4.8,2012m3,1,2,0
I,4.4,2012m4,1,2,0
I,4.9,2012m5,1,2,0
I,4.2,2012m6,1,2,0
I,4.6,2012m7,1,2,0
I,4.1,2012m8,1,2,0
I,4.3,2012m9,1,2,0
I,4.3,2012m10,1,2,0
I,4.5,2012m11,1,2,0
I,3.6,2012m12,1,2,0
I,4.8,2013m1,1,2,0
I,4.4,2013m2,1,2,0
I,5.6,2013m3,1,3,0
I,6.7,2013m4,1,3,0
I,7.6,2013m5,1,3,0
I,7.5,2013m6,1,3,0
I,5.9,2013m7,1,3,0
I,6.6,2013m8,1,3,0
I,6.1,2013m9,1,3,0
I,6.3,2013m10,1,3,0
I,5.2,2013m11,1,3,0
I,5.9,2013m12,1,3,0
I,6.7,2014m1,1,3,0
I,6.5,2014m2,1,3,0
II,8.5,2009m3,0,-1,0
II,8.9,2009m4,0,-1,0
II,9,2009m5,0,-1,0
II,8.5,2009m6,0,-1,0
II,8.9,2009m7,0,-1,0
II,9,2009m8,0,-1,0
II,9,2009m9,0,-1,0
II,9.6,2009m10,0,-1,0
II,8.8,2009m11,0,-1,0
II,8.6,2009m12,0,-1,0
II,8.4,2010m1,0,-1,0
II,8.6,2010m2,0,-1,0
II,8.6,2010m3,1,0,0
II,7,2010m4,1,0,0
II,7.7,2010m5,1,0,0
II,6.9,2010m6,1,0,0
II,7.8,2010m7,1,0,0
II,7.9,2010m8,1,0,0
II,7.6,2010m9,1,0,0
II,7.2,2010m10,1,0,0
II,6.9,2010m11,1,0,0
II,7.5,2010m12,1,0,0
II,7.1,2011m1,1,0,0
II,7.3,2011m2,1,0,0
II,6.3,2011m3,1,1,0
II,6,2011m4,1,1,0
II,5.8,2011m5,1,1,0
II,5.9,2011m6,1,1,0
II,5.4,2011m7,1,1,0
II,5.3,2011m8,1,1,0
II,5.5,2011m9,1,1,0
II,5.2,2011m10,1,1,0
II,6.2,2011m11,1,1,0
II,6.7,2011m12,1,1,0
II,6.7,2012m1,1,1,0
II,4.9,2012m2,1,1,0
II,5,2012m3,1,2,0
II,5.4,2012m4,1,2,0
II,5.6,2012m5,1,2,0
II,4.4,2012m6,1,2,0
II,3.9,2012m7,1,2,0
II,4.1,2012m8,1,2,0
II,4.8,2012m9,1,2,0
II,5.3,2012m10,1,2,0
II,4.9,2012m11,1,2,0
II,5.5,2012m12,1,2,0
II,5.4,2013m1,1,2,0
II,5.8,2013m2,1,2,0
II,5,2013m3,1,3,0
II,4.8,2013m4,1,3,0
II,5.1,2013m5,1,3,0
II,5.1,2013m6,1,3,0
II,5.2,2013m7,1,3,0
II,5.2,2013m8,1,3,0
II,5.2,2013m9,1,3,0
II,6.3,2013m10,1,3,0
II,5.9,2013m11,1,3,0
II,6.7,2013m12,1,3,0
II,6.5,2014m1,1,3,0
II,7.4,2014m2,1,3,0
III,10.1,2009m3,0,-1,0
III,12.3,2009m4,0,-1,0
III,12.9,2009m5,0,-1,0
III,13.9,2009m6,0,-1,0
III,12.2,2009m7,0,-1,0
III,11.7,2009m8,0,-1,0
III,9.2,2009m9,0,-1,0
III,8.9,2009m10,0,-1,0
III,8.2,2009m11,0,-1,0
III,6.4,2009m12,0,-1,0
III,6.9,2010m1,0,-1,0
III,7.5,2010m2,0,-1,0
III,9.4,2010m3,1,0,0
III,8,2010m4,1,0,0
III,8.9,2010m5,1,0,0
III,8.2,2010m6,1,0,0
III,8,2010m7,1,0,0
III,6.3,2010m8,1,0,0
III,6.1,2010m9,1,0,0
III,6.8,2010m10,1,0,0
III,6.4,2010m11,1,0,0
III,6.1,2010m12,1,0,0
III,7,2011m1,1,0,0
III,7.4,2011m2,1,0,0
III,7.8,2011m3,1,1,0
III,5.8,2011m4,1,1,0
III,6.2,2011m5,1,1,0
III,5,2011m6,1,1,0
III,5.3,2011m7,1,1,0
III,5,2011m8,1,1,0
III,6.1,2011m9,1,1,0
III,6,2011m10,1,1,0
III,6.4,2011m11,1,1,0
III,5.1,2011m12,1,1,0
III,5.7,2012m1,1,1,0
III,5.6,2012m2,1,1,0
III,5.3,2012m3,1,2,0
III,5,2012m4,1,2,0
III,4.2,2012m5,1,2,0
III,4.1,2012m6,1,2,0
III,3.7,2012m7,1,2,0
III,3.9,2012m8,1,2,0
III,3.8,2012m9,1,2,0
III,3.8,2012m10,1,2,0
III,4.4,2012m11,1,2,0
III,6.1,2012m12,1,2,0
III,7.3,2013m1,1,2,0
III,6.8,2013m2,1,2,0
III,5.4,2013m3,1,3,0
III,5,2013m4,1,3,0
III,5.4,2013m5,1,3,0
III,5.6,2013m6,1,3,0
III,5.6,2013m7,1,3,0
III,5.4,2013m8,1,3,0
III,5.6,2013m9,1,3,0
III,5.7,2013m10,1,3,0
III,5.4,2013m11,1,3,0
III,5.2,2013m12,1,3,0
III,6,2014m1,1,3,0
III,6.9,2014m2,1,3,0
IV,9.5,2009m3,0,-1,0
IV,10,2009m4,0,-1,0
IV,10.7,2009m5,0,-1,0
IV,10.5,2009m6,0,-1,0
IV,10.4,2009m7,0,-1,0
IV,10.1,2009m8,0,-1,0
IV,9.6,2009m9,0,-1,0
IV,9,2009m10,0,-1,0
IV,8.6,2009m11,0,-1,0
IV,8.7,2009m12,0,-1,0
IV,8.1,2010m1,0,-1,0
IV,9.6,2010m2,0,-1,0
IV,10,2010m3,1,0,0
IV,9.4,2010m4,1,0,0
IV,9.2,2010m5,1,0,0
IV,8.1,2010m6,1,0,0
IV,8.4,2010m7,1,0,0
IV,7.6,2010m8,1,0,0
IV,7.8,2010m9,1,0,0
IV,8,2010m10,1,0,0
IV,7.3,2010m11,1,0,0
IV,7.3,2010m12,1,0,0
IV,7.3,2011m1,1,0,0
IV,7.4,2011m2,1,0,0
IV,8.5,2011m3,1,1,0
IV,7.4,2011m4,1,1,0
IV,8.4,2011m5,1,1,0
IV,8.4,2011m6,1,1,0
IV,8.1,2011m7,1,1,0
IV,7.4,2011m8,1,1,0
IV,7.4,2011m9,1,1,0
IV,6.6,2011m10,1,1,0
IV,6,2011m11,1,1,0
IV,5.5,2011m12,1,1,0
IV,6.1,2012m1,1,1,0
IV,6.7,2012m2,1,1,0
IV,6.8,2012m3,1,2,0
IV,6.3,2012m4,1,2,0
IV,5.7,2012m5,1,2,0
IV,5.1,2012m6,1,2,0
IV,5.3,2012m7,1,2,0
IV,5.8,2012m8,1,2,0
IV,6.4,2012m9,1,2,0
IV,6.7,2012m10,1,2,0
IV,6.3,2012m11,1,2,0
IV,5.5,2012m12,1,2,0
IV,5.2,2013m1,1,2,0
IV,5.7,2013m2,1,2,0
IV,6.3,2013m3,1,3,0
IV,7.2,2013m4,1,3,0
IV,7.4,2013m5,1,3,0
IV,7.5,2013m6,1,3,0
IV,7.4,2013m7,1,3,0
IV,6.8,2013m8,1,3,0
IV,6.5,2013m9,1,3,0
IV,6.7,2013m10,1,3,0
IV,6.6,2013m11,1,3,0
IV,6.1,2013m12,1,3,0
IV,6.1,2014m1,1,3,0
IV,5.7,2014m2,1,3,0
IX,12.3,2009m3,0,-1,1
IX,12,2009m4,0,-1,1
IX,13.3,2009m5,0,-1,1
IX,13.5,2009m6,0,-1,1
IX,12.9,2009m7,0,-1,1
IX,12.4,2009m8,0,-1,1
IX,12.4,2009m9,0,-1,1
IX,12.1,2009m10,0,-1,1
IX,11.9,2009m11,0,-1,1
IX,11.7,2009m12,0,-1,1
IX,10.3,2010m1,0,-1,1
IX,9,2010m2,0,-1,1
IX,8.2,2010m3,1,0,1
IX,8,2010m4,1,0,1
IX,8.2,2010m5,1,0,1
IX,9.2,2010m6,1,0,1
IX,9.6,2010m7,1,0,1
IX,10,2010m8,1,0,1
IX,8.3,2010m9,1,0,1
IX,8,2010m10,1,0,1
IX,6.7,2010m11,1,0,1
IX,7.9,2010m12,1,0,1
IX,8.4,2011m1,1,0,1
IX,8.5,2011m2,1,0,1
IX,8.1,2011m3,1,1,1
IX,7.4,2011m4,1,1,1
IX,7.8,2011m5,1,1,1
IX,8.1,2011m6,1,1,1
IX,8.2,2011m7,1,1,1
IX,8.7,2011m8,1,1,1
IX,8.7,2011m9,1,1,1
IX,9,2011m10,1,1,1
IX,8,2011m11,1,1,1
IX,6.9,2011m12,1,1,1
IX,6.7,2012m1,1,1,1
IX,7.1,2012m2,1,1,1
IX,8.2,2012m3,1,2,1
IX,7.4,2012m4,1,2,1
IX,8.5,2012m5,1,2,1
IX,7.9,2012m6,1,2,1
IX,8.6,2012m7,1,2,1
IX,6.8,2012m8,1,2,1
IX,6.6,2012m9,1,2,1
IX,6.7,2012m10,1,2,1
IX,6.9,2012m11,1,2,1
IX,6.2,2012m12,1,2,1
IX,6.5,2013m1,1,2,1
IX,7.8,2013m2,1,2,1
IX,8.3,2013m3,1,3,1
IX,8.4,2013m4,1,3,1
IX,7.5,2013m5,1,3,1
IX,7.6,2013m6,1,3,1
IX,7.3,2013m7,1,3,1
IX,6.4,2013m8,1,3,1
IX,6.2,2013m9,1,3,1
IX,5.9,2013m10,1,3,1
IX,5.5,2013m11,1,3,1
IX,5,2013m12,1,3,1
IX,5.5,2014m1,1,3,1
IX,5.7,2014m2,1,3,1
RM,11.2,2009m3,0,-1,1
RM,11.3,2009m4,0,-1,1
RM,11.3,2009m5,0,-1,1
RM,11.5,2009m6,0,-1,1
RM,11.3,2009m7,0,-1,1
RM,11.8,2009m8,0,-1,1
RM,11.4,2009m9,0,-1,1
RM,11.1,2009m10,0,-1,1
RM,10.8,2009m11,0,-1,1
RM,10.2,2009m12,0,-1,1
RM,9.9,2010m1,0,-1,1
RM,9.4,2010m2,0,-1,1
RM,9.4,2010m3,1,0,1
RM,8.9,2010m4,1,0,1
RM,8.8,2010m5,1,0,1
RM,8.3,2010m6,1,0,1
RM,7.8,2010m7,1,0,1
RM,7.9,2010m8,1,0,1
RM,7.8,2010m9,1,0,1
RM,7.5,2010m10,1,0,1
RM,7,2010m11,1,0,1
RM,7.2,2010m12,1,0,1
RM,7.3,2011m1,1,0,1
RM,6.9,2011m2,1,0,1
RM,7.1,2011m3,1,1,1
RM,7.1,2011m4,1,1,1
RM,7.3,2011m5,1,1,1
RM,7,2011m6,1,1,1
RM,7.3,2011m7,1,1,1
RM,7.2,2011m8,1,1,1
RM,7.4,2011m9,1,1,1
RM,7.6,2011m10,1,1,1
RM,7.7,2011m11,1,1,1
RM,7,2011m12,1,1,1
RM,7,2012m1,1,1,1
RM,6.3,2012m2,1,1,1
RM,6.6,2012m3,1,2,1
RM,6.7,2012m4,1,2,1
RM,7,2012m5,1,2,1
RM,6.8,2012m6,1,2,1
RM,6.5,2012m7,1,2,1
RM,6.4,2012m8,1,2,1
RM,6.7,2012m9,1,2,1
RM,6.8,2012m10,1,2,1
RM,6.2,2012m11,1,2,1
RM,6.1,2012m12,1,2,1
RM,5.9,2013m1,1,2,1
RM,6.4,2013m2,1,2,1
RM,6.2,2013m3,1,3,1
RM,6.6,2013m4,1,3,1
RM,6.6,2013m5,1,3,1
RM,6,2013m6,1,3,1
RM,5.3,2013m7,1,3,1
RM,5.1,2013m8,1,3,1
RM,5.5,2013m9,1,3,1
RM,5.6,2013m10,1,3,1
RM,5.5,2013m11,1,3,1
RM,5.3,2013m12,1,3,1
RM,6,2014m1,1,3,1
RM,6,2014m2,1,3,1
V,11.7,2009m3,0,-1,1
V,12.9,2009m4,0,-1,1
V,14.2,2009m5,0,-1,1
V,13.9,2009m6,0,-1,1
V,14.5,2009m7,0,-1,1
V,14.5,2009m8,0,-1,1
V,14.1,2009m9,0,-1,1
V,13.4,2009m10,0,-1,1
V,13,2009m11,0,-1,1
V,12.5,2009m12,0,-1,1
V,12.1,2010m1,0,-1,1
V,8.8,2010m2,0,-1,1
V,11.1,2010m3,1,0,1
V,10.4,2010m4,1,0,1
V,10.8,2010m5,1,0,1
V,10.2,2010m6,1,0,1
V,10.1,2010m7,1,0,1
V,10,2010m8,1,0,1
V,9.3,2010m9,1,0,1
V,8.4,2010m10,1,0,1
V,8.1,2010m11,1,0,1
V,8.3,2010m12,1,0,1
V,9.2,2011m1,1,0,1
V,8.7,2011m2,1,0,1
V,8.3,2011m3,1,1,1
V,8.5,2011m4,1,1,1
V,8.2,2011m5,1,1,1
V,8.3,2011m6,1,1,1
V,8.8,2011m7,1,1,1
V,8.7,2011m8,1,1,1
V,8.3,2011m9,1,1,1
V,7.6,2011m10,1,1,1
V,7.5,2011m11,1,1,1
V,8,2011m12,1,1,1
V,8.3,2012m1,1,1,1
V,7.9,2012m2,1,1,1
V,7.7,2012m3,1,2,1
V,7.5,2012m4,1,2,1
V,7.6,2012m5,1,2,1
V,7.5,2012m6,1,2,1
V,7.5,2012m7,1,2,1
V,7.7,2012m8,1,2,1
V,7.2,2012m9,1,2,1
V,6.7,2012m10,1,2,1
V,6.9,2012m11,1,2,1
V,6.7,2012m12,1,2,1
V,7.4,2013m1,1,2,1
V,6.9,2013m2,1,2,1
V,7.3,2013m3,1,3,1
V,6.6,2013m4,1,3,1
V,6.5,2013m5,1,3,1
V,6.8,2013m6,1,3,1
V,6.7,2013m7,1,3,1
V,6.8,2013m8,1,3,1
V,6.5,2013m9,1,3,1
V,6.6,2013m10,1,3,1
V,7.1,2013m11,1,3,1
V,7.2,2013m12,1,3,1
V,7.9,2014m1,1,3,1
V,7.2,2014m2,1,3,1
VI,7.6,2009m3,0,-1,1
VI,8,2009m4,0,-1,1
VI,8.8,2009m5,0,-1,1
VI,10.1,2009m6,0,-1,1
VI,9.9,2009m7,0,-1,1
VI,10.6,2009m8,0,-1,1
VI,9.8,2009m9,0,-1,1
VI,9,2009m10,0,-1,1
VI,8.4,2009m11,0,-1,1
VI,8.3,2009m12,0,-1,1
VI,7.6,2010m1,0,-1,1
VI,7.1,2010m2,0,-1,1
VI,6,2010m3,1,0,1
VI,5.3,2010m4,1,0,1
VI,6.4,2010m5,1,0,1
VI,6.4,2010m6,1,0,1
VI,7.9,2010m7,1,0,1
VI,8.2,2010m8,1,0,1
VI,8.4,2010m9,1,0,1
VI,8.5,2010m10,1,0,1
VI,7.3,2010m11,1,0,1
VI,6.4,2010m12,1,0,1
VI,5.8,2011m1,1,0,1
VI,6.1,2011m2,1,0,1
VI,5.6,2011m3,1,1,1
VI,4.8,2011m4,1,1,1
VI,5.1,2011m5,1,1,1
VI,6.4,2011m6,1,1,1
VI,7.4,2011m7,1,1,1
VI,6.9,2011m8,1,1,1
VI,7.2,2011m9,1,1,1
VI,6,2011m10,1,1,1
VI,6,2011m11,1,1,1
VI,4.7,2011m12,1,1,1
VI,4.7,2012m1,1,1,1
VI,4.6,2012m2,1,1,1
VI,4.5,2012m3,1,2,1
VI,5.5,2012m4,1,2,1
VI,5.5,2012m5,1,2,1
VI,6.4,2012m6,1,2,1
VI,6.3,2012m7,1,2,1
VI,6.5,2012m8,1,2,1
VI,6.6,2012m9,1,2,1
VI,6.8,2012m10,1,2,1
VI,5.7,2012m11,1,2,1
VI,5.6,2012m12,1,2,1
VI,4.6,2013m1,1,2,1
VI,4.7,2013m2,1,2,1
VI,4.4,2013m3,1,3,1
VI,5.3,2013m4,1,3,1
VI,5.9,2013m5,1,3,1
VI,6,2013m6,1,3,1
VI,5.4,2013m7,1,3,1
VI,5,2013m8,1,3,1
VI,4.5,2013m9,1,3,1
VI,5.1,2013m10,1,3,1
VI,5.1,2013m11,1,3,1
VI,4.6,2013m12,1,3,1
VI,5,2014m1,1,3,1
VI,4.9,2014m2,1,3,1
VII,9.5,2009m3,0,-1,1
VII,9.2,2009m4,0,-1,1
VII,10.8,2009m5,0,-1,1
VII,13.1,2009m6,0,-1,1
VII,14.2,2009m7,0,-1,1
VII,13.8,2009m8,0,-1,1
VII,12,2009m9,0,-1,1
VII,9.9,2009m10,0,-1,1
VII,8.8,2009m11,0,-1,1
VII,7.5,2009m12,0,-1,1
VII,7.8,2010m1,0,-1,1
VII,7.6,2010m2,0,-1,1
VII,7.8,2010m3,1,0,1
VII,7.3,2010m4,1,0,1
VII,7.7,2010m5,1,0,1
VII,8,2010m6,1,0,1
VII,8.2,2010m7,1,0,1
VII,7.3,2010m8,1,0,1
VII,6.8,2010m9,1,0,1
VII,6.4,2010m10,1,0,1
VII,5.9,2010m11,1,0,1
VII,5.7,2010m12,1,0,1
VII,5.6,2011m1,1,0,1
VII,6.1,2011m2,1,0,1
VII,5.6,2011m3,1,1,1
VII,5.6,2011m4,1,1,1
VII,6.5,2011m5,1,1,1
VII,7.6,2011m6,1,1,1
VII,8.2,2011m7,1,1,1
VII,7.8,2011m8,1,1,1
VII,7.5,2011m9,1,1,1
VII,7.7,2011m10,1,1,1
VII,6.4,2011m11,1,1,1
VII,5.7,2011m12,1,1,1
VII,5.4,2012m1,1,1,1
VII,5.6,2012m2,1,1,1
VII,5.8,2012m3,1,2,1
VII,5.8,2012m4,1,2,1
VII,6.4,2012m5,1,2,1
VII,6.9,2012m6,1,2,1
VII,7,2012m7,1,2,1
VII,6.5,2012m8,1,2,1
VII,6.2,2012m9,1,2,1
VII,6.2,2012m10,1,2,1
VII,6,2012m11,1,2,1
VII,5.1,2012m12,1,2,1
VII,5,2013m1,1,2,1
VII,4.5,2013m2,1,2,1
VII,4.9,2013m3,1,3,1
VII,4.6,2013m4,1,3,1
VII,5,2013m5,1,3,1
VII,5.3,2013m6,1,3,1
VII,6.3,2013m7,1,3,1
VII,6.7,2013m8,1,3,1
VII,6.8,2013m9,1,3,1
VII,6.1,2013m10,1,3,1
VII,5.9,2013m11,1,3,1
VII,5.6,2013m12,1,3,1
VII,5.2,2014m1,1,3,1
VII,4.8,2014m2,1,3,1
VIII,12.9,2009m3,0,-1,1
VIII,12.7,2009m4,0,-1,1
VIII,13.3,2009m5,0,-1,1
VIII,12.8,2009m6,0,-1,1
VIII,14,2009m7,0,-1,1
VIII,13.9,2009m8,0,-1,1
VIII,13.6,2009m9,0,-1,1
VIII,11.9,2009m10,0,-1,1
VIII,11.6,2009m11,0,-1,1
VIII,11.1,2009m12,0,-1,1
VIII,10.6,2010m1,0,-1,1
VIII,9.8,2010m2,0,-1,1
VIII,9.9,2010m3,1,0,1
VIII,10.6,2010m4,1,0,1
VIII,11,2010m5,1,0,1
VIII,10.2,2010m6,1,0,1
VIII,9.7,2010m7,1,0,1
VIII,9.5,2010m8,1,0,1
VIII,9.1,2010m9,1,0,1
VIII,8.2,2010m10,1,0,1
VIII,7.5,2010m11,1,0,1
VIII,7.5,2010m12,1,0,1
VIII,8.1,2011m1,1,0,1
VIII,8.4,2011m2,1,0,1
VIII,8.4,2011m3,1,1,1
VIII,7.9,2011m4,1,1,1
VIII,7.7,2011m5,1,1,1
VIII,8.2,2011m6,1,1,1
VIII,8.8,2011m7,1,1,1
VIII,9.2,2011m8,1,1,1
VIII,9.1,2011m9,1,1,1
VIII,8.6,2011m10,1,1,1
VIII,7.9,2011m11,1,1,1
VIII,7.5,2011m12,1,1,1
VIII,7.5,2012m1,1,1,1
VIII,8,2012m2,1,1,1
VIII,8.1,2012m3,1,2,1
VIII,8,2012m4,1,2,1
VIII,8,2012m5,1,2,1
VIII,8.1,2012m6,1,2,1
VIII,8.4,2012m7,1,2,1
VIII,8.4,2012m8,1,2,1
VIII,8.4,2012m9,1,2,1
VIII,8.6,2012m10,1,2,1
VIII,7.8,2012m11,1,2,1
VIII,7.9,2012m12,1,2,1
VIII,7.6,2013m1,1,2,1
VIII,7.9,2013m2,1,2,1
VIII,8.3,2013m3,1,3,1
VIII,8,2013m4,1,3,1
VIII,8,2013m5,1,3,1
VIII,7.4,2013m6,1,3,1
VIII,7,2013m7,1,3,1
VIII,7,2013m8,1,3,1
VIII,6.9,2013m9,1,3,1
VIII,7.5,2013m10,1,3,1
VIII,7.3,2013m11,1,3,1
VIII,7.9,2013m12,1,3,1
VIII,8.3,2014m1,1,3,1
VIII,8.6,2014m2,1,3,1
X,6.4,2009m3,0,-1,0
X,7.1,2009m4,0,-1,0
X,8.6,2009m5,0,-1,0
X,6.2,2009m6,0,-1,0
X,6.9,2009m7,0,-1,0
X,6.3,2009m8,0,-1,0
X,7.3,2009m9,0,-1,0
X,7.4,2009m10,0,-1,0
X,8.5,2009m11,0,-1,0
X,9.5,2009m12,0,-1,0
X,9.3,2010m1,0,-1,0
X,8,2010m2,0,-1,0
X,7,2010m3,1,0,0
X,7,2010m4,1,0,0
X,7.5,2010m5,1,0,0
X,8.3,2010m6,1,0,0
X,8.2,2010m7,1,0,0
X,8.2,2010m8,1,0,0
X,7.4,2010m9,1,0,0
X,7.1,2010m10,1,0,0
X,6.7,2010m11,1,0,0
X,5.7,2010m12,1,0,0
X,5.5,2011m1,1,0,0
X,5.3,2011m2,1,0,0
X,5.8,2011m3,1,1,0
X,5.9,2011m4,1,1,0
X,5.6,2011m5,1,1,0
X,4.9,2011m6,1,1,0
X,4.9,2011m7,1,1,0
X,4.9,2011m8,1,1,0
X,4.7,2011m9,1,1,0
X,3.7,2011m10,1,1,0
X,3.5,2011m11,1,1,0
X,2.6,2011m12,1,1,0
X,2.8,2012m1,1,1,0
X,3.4,2012m2,1,1,0
X,4.2,2012m3,1,2,0
X,4.1,2012m4,1,2,0
X,3.4,2012m5,1,2,0
X,3.4,2012m6,1,2,0
X,3.5,2012m7,1,2,0
X,3.8,2012m8,1,2,0
X,3.4,2012m9,1,2,0
X,4,2012m10,1,2,0
X,3.8,2012m11,1,2,0
X,4.1,2012m12,1,2,0
X,3.4,2013m1,1,2,0
X,3.1,2013m2,1,2,0
X,3.1,2013m3,1,3,0
X,3.5,2013m4,1,3,0
X,2.9,2013m5,1,3,0
X,3.2,2013m6,1,3,0
X,2.8,2013m7,1,3,0
X,3.5,2013m8,1,3,0
X,2.9,2013m9,1,3,0
X,2.7,2013m10,1,3,0
X,2.2,2013m11,1,3,0
X,2.7,2013m12,1,3,0
X,2.7,2014m1,1,3,0
X,3.9,2014m2,1,3,0
XI,5.3,2009m3,0,-1,0
XI,4.5,2009m4,0,-1,0
XI,5.9,2009m5,0,-1,0
XI,6.1,2009m6,0,-1,0
XI,5.9,2009m7,0,-1,0
XI,4.6,2009m8,0,-1,0
XI,4.7,2009m9,0,-1,0
XI,3.8,2009m10,0,-1,0
XI,3.2,2009m11,0,-1,0
XI,2.5,2009m12,0,-1,0
XI,3.6,2010m1,0,-1,0
XI,3.9,2010m2,0,-1,0
XI,4,2010m3,1,0,0
XI,3.5,2010m4,1,0,0
XI,5.4,2010m5,1,0,0
XI,6.6,2010m6,1,0,0
XI,7.5,2010m7,1,0,0
XI,6.8,2010m8,1,0,0
XI,5.6,2010m9,1,0,0
XI,5.3,2010m10,1,0,0
XI,4.6,2010m11,1,0,0
XI,4.5,2010m12,1,0,0
XI,4,2011m1,1,0,0
XI,4.2,2011m2,1,0,0
XI,4.2,2011m3,1,1,0
XI,3.7,2011m4,1,1,0
XI,4.2,2011m5,1,1,0
XI,4,2011m6,1,1,0
XI,4.7,2011m7,1,1,0
XI,4.2,2011m8,1,1,0
XI,4.1,2011m9,1,1,0
XI,4.2,2011m10,1,1,0
XI,4.4,2011m11,1,1,0
XI,4.2,2011m12,1,1,0
XI,3.5,2012m1,1,1,0
XI,3.7,2012m2,1,1,0
XI,5.1,2012m3,1,2,0
XI,5.5,2012m4,1,2,0
XI,5.4,2012m5,1,2,0
XI,5.1,2012m6,1,2,0
XI,5.6,2012m7,1,2,0
XI,4.6,2012m8,1,2,0
XI,4.1,2012m9,1,2,0
XI,3,2012m10,1,2,0
XI,3,2012m11,1,2,0
XI,2.6,2012m12,1,2,0
XI,3.4,2013m1,1,2,0
XI,3.9,2013m2,1,2,0
XI,4.5,2013m3,1,3,0
XI,4.5,2013m4,1,3,0
XI,4.2,2013m5,1,3,0
XI,4.2,2013m6,1,3,0
XI,4.2,2013m7,1,3,0
XI,4.7,2013m8,1,3,0
XI,4.4,2013m9,1,3,0
XI,4.8,2013m10,1,3,0
XI,4.6,2013m11,1,3,0
XI,5.6,2013m12,1,3,0
XI,5.6,2014m1,1,3,0
XI,5.5,2014m2,1,3,0
XII,4.3,2009m3,0,-1,0
XII,5.3,2009m4,0,-1,0
XII,8.9,2009m5,0,-1,0
XII,8.3,2009m6,0,-1,0
XII,7.4,2009m7,0,-1,0
XII,5.9,2009m8,0,-1,0
XII,7,2009m9,0,-1,0
XII,8,2009m10,0,-1,0
XII,8,2009m11,0,-1,0
XII,8.7,2009m12,0,-1,0
XII,8.9,2010m1,0,-1,0
XII,6.5,2010m2,0,-1,0
XII,4.6,2010m3,1,0,0
XII,5.4,2010m4,1,0,0
XII,6,2010m5,1,0,0
XII,5.7,2010m6,1,0,0
XII,4.6,2010m7,1,0,0
XII,5.5,2010m8,1,0,0
XII,5.8,2010m9,1,0,0
XII,4.5,2010m10,1,0,0
XII,4.1,2010m11,1,0,0
XII,4.7,2010m12,1,0,0
XII,5.5,2011m1,1,0,0
XII,5.1,2011m2,1,0,0
XII,4.6,2011m3,1,1,0
XII,3.8,2011m4,1,1,0
XII,4,2011m5,1,1,0
XII,3.7,2011m6,1,1,0
XII,4.4,2011m7,1,1,0
XII,4.6,2011m8,1,1,0
XII,5,2011m9,1,1,0
XII,5.3,2011m10,1,1,0
XII,5.4,2011m11,1,1,0
XII,5.8,2011m12,1,1,0
XII,5.3,2012m1,1,1,0
XII,5.1,2012m2,1,1,0
XII,3.6,2012m3,1,2,0
XII,3.1,2012m4,1,2,0
XII,3,2012m5,1,2,0
XII,3,2012m6,1,2,0
XII,3.3,2012m7,1,2,0
XII,3.4,2012m8,1,2,0
XII,4.3,2012m9,1,2,0
XII,4.6,2012m10,1,2,0
XII,4.3,2012m11,1,2,0
XII,4.1,2012m12,1,2,0
XII,4,2013m1,1,2,0
XII,3.6,2013m2,1,2,0
XII,3,2013m3,1,3,0
XII,1.9,2013m4,1,3,0
XII,2.7,2013m5,1,3,0
XII,3.7,2013m6,1,3,0
XII,4.8,2013m7,1,3,0
XII,4.1,2013m8,1,3,0
XII,4.3,2013m9,1,3,0
XII,4.2,2013m10,1,3,0
XII,4.1,2013m11,1,3,0
XII,3.8,2013m12,1,3,0
XII,2.8,2014m1,1,3,0
XII,2.4,2014m2,1,3,0
XIV,10.3,2009m3,0,-1,0
XIV,12.3,2009m4,0,-1,0
XIV,13,2009m5,0,-1,0
XIV,13.3,2009m6,0,-1,0
XIV,12.1,2009m7,0,-1,0
XIV,8.8,2009m8,0,-1,0
XIV,7.7,2009m9,0,-1,0
XIV,7.7,2009m10,0,-1,0
XIV,8.6,2009m11,0,-1,0
XIV,9.5,2009m12,0,-1,0
XIV,11.5,2010m1,0,-1,0
XIV,10.9,2010m2,0,-1,0
XIV,11.1,2010m3,1,0,0
XIV,8.7,2010m4,1,0,0
XIV,8.6,2010m5,1,0,0
XIV,8.5,2010m6,1,0,0
XIV,8.9,2010m7,1,0,0
XIV,8.8,2010m8,1,0,0
XIV,8.6,2010m9,1,0,0
XIV,8.7,2010m10,1,0,0
XIV,8.3,2010m11,1,0,0
XIV,8,2010m12,1,0,0
XIV,8,2011m1,1,0,0
XIV,7.4,2011m2,1,0,0
XIV,7.3,2011m3,1,1,0
XIV,6.2,2011m4,1,1,0
XIV,8.6,2011m5,1,1,0
XIV,8.2,2011m6,1,1,0
XIV,9,2011m7,1,1,0
XIV,7.6,2011m8,1,1,0
XIV,7.2,2011m9,1,1,0
XIV,6.3,2011m10,1,1,0
XIV,6.4,2011m11,1,1,0
XIV,6.6,2011m12,1,1,0
XIV,7.2,2012m1,1,1,0
XIV,6.7,2012m2,1,1,0
XIV,6.4,2012m3,1,2,0
XIV,5.3,2012m4,1,2,0
XIV,5.3,2012m5,1,2,0
XIV,5.4,2012m6,1,2,0
XIV,6.2,2012m7,1,2,0
XIV,6.6,2012m8,1,2,0
XIV,7,2012m9,1,2,0
XIV,6.4,2012m10,1,2,0
XIV,6.4,2012m11,1,2,0
XIV,6.6,2012m12,1,2,0
XIV,6.7,2013m1,1,2,0
XIV,5.8,2013m2,1,2,0
XIV,4.7,2013m3,1,3,0
XIV,5.2,2013m4,1,3,0
XIV,5.1,2013m5,1,3,0
XIV,5.5,2013m6,1,3,0
XIV,5.7,2013m7,1,3,0
XIV,6.4,2013m8,1,3,0
XIV,5.8,2013m9,1,3,0
XIV,5.1,2013m10,1,3,0
XIV,4.8,2013m11,1,3,0
XIV,5.1,2013m12,1,3,0
XIV,5.2,2014m1,1,3,0
XIV,4.9,2014m2,1,3,0
XV,9.6,2009m3,0,-1,0
XV,10.5,2009m4,0,-1,0
XV,10.1,2009m5,0,-1,0
XV,8.9,2009m6,0,-1,0
XV,7.9,2009m7,0,-1,0
XV,7.3,2009m8,0,-1,0
XV,7.4,2009m9,0,-1,0
XV,6.9,2009m10,0,-1,0
XV,6.6,2009m11,0,-1,0
XV,6.9,2009m12,0,-1,0
XV,7.2,2010m1,0,-1,0
XV,7.5,2010m2,0,-1,0
XV,7.7,2010m3,1,0,0
XV,7.7,2010m4,1,0,0
XV,7.3,2010m5,1,0,0
XV,6.8,2010m6,1,0,0
XV,5.6,2010m7,1,0,0
XV,6.3,2010m8,1,0,0
XV,7,2010m9,1,0,0
XV,8,2010m10,1,0,0
XV,7.3,2010m11,1,0,0
XV,6.9,2010m12,1,0,0
XV,7.6,2011m1,1,0,0
XV,7.9,2011m2,1,0,0
XV,8.8,2011m3,1,1,0
XV,7.6,2011m4,1,1,0
XV,8.1,2011m5,1,1,0
XV,7.3,2011m6,1,1,0
XV,7.5,2011m7,1,1,0
XV,7,2011m8,1,1,0
XV,6.6,2011m9,1,1,0
XV,7,2011m10,1,1,0
XV,7.3,2011m11,1,1,0
XV,8,2011m12,1,1,0
XV,8.6,2012m1,1,1,0
XV,9.5,2012m2,1,1,0
XV,8.3,2012m3,1,2,0
XV,7.5,2012m4,1,2,0
XV,6,2012m5,1,2,0
XV,6,2012m6,1,2,0
XV,5.3,2012m7,1,2,0
XV,5,2012m8,1,2,0
XV,4.4,2012m9,1,2,0
XV,4.6,2012m10,1,2,0
XV,5,2012m11,1,2,0
XV,5.6,2012m12,1,2,0
XV,5.7,2013m1,1,2,0
XV,5.2,2013m2,1,2,0
XV,6.2,2013m3,1,3,0
XV,6.2,2013m4,1,3,0
XV,6.9,2013m5,1,3,0
XV,6.8,2013m6,1,3,0
XV,5.8,2013m7,1,3,0
XV,6.2,2013m8,1,3,0
XV,4.6,2013m9,1,3,0
XV,5,2013m10,1,3,0
XV,4.7,2013m11,1,3,0
XV,4.7,2013m12,1,3,0
XV,5.4,2014m1,1,3,0
XV,5.1,2014m2,1,3,0