Grafico: Precio Nominal Cobre Diario (¢/lb)1;
02/01/2008;302.37
03/01/2008;306.86
04/01/2008;317.08
07/01/2008;313.68
08/01/2008;322.32
09/01/2008;333.44
10/01/2008;322.98
11/01/2008;326.41
14/01/2008;333.89
15/01/2008;327.74
16/01/2008;318.42
17/01/2008;323.03
18/01/2008;320.33
21/01/2008;313.43
22/01/2008;313.89
23/01/2008;317.54
24/01/2008;321.69
25/01/2008;322.96
28/01/2008;312.66
29/01/2008;325.27
30/01/2008;325
31/01/2008;325.25
01/02/2008;333.16
04/02/2008;330.9
05/02/2008;326.68
06/02/2008;325.73
07/02/2008;333.39
08/02/2008;345.28
11/02/2008;354.73
12/02/2008;354.03
13/02/2008;348.38
14/02/2008;352.71
15/02/2008;353.85
18/02/2008;360.38
19/02/2008;366.5
20/02/2008;367.46
21/02/2008;375.62
22/02/2008;377.48
25/02/2008;374.08
26/02/2008;375.17
27/02/2008;386.28
28/02/2008;384.19
29/02/2008;387.39
03/03/2008;388.5
04/03/2008;393.95
05/03/2008;381.74
06/03/2008;402.84
07/03/2008;392.81
10/03/2008;381.04
11/03/2008;388.3
12/03/2008;379.02
13/03/2008;387.82
14/03/2008;390.59
17/03/2008;379.2
18/03/2008;375.8
19/03/2008;372.42
20/03/2008;353.3
25/03/2008;373.76
26/03/2008;374.67
27/03/2008;383.6
28/03/2008;387.37
31/03/2008;386.46
01/04/2008;377.64
02/04/2008;383.92
03/04/2008;389.68
04/04/2008;392.13
07/04/2008;396.44
08/04/2008;393.81
09/04/2008;392.36
10/04/2008;402.99
11/04/2008;399.62
14/04/2008;393.7
15/04/2008;395.53
16/04/2008;396.28
17/04/2008;401.95
18/04/2008;391.45
21/04/2008;391.97
22/04/2008;397.8
23/04/2008;398.98
24/04/2008;394.65
25/04/2008;390.09
28/04/2008;396.71
29/04/2008;396.44
30/04/2008;392.58
01/05/2008;393.99
02/05/2008;380.56
06/05/2008;391.09
07/05/2008;391.95
08/05/2008;383.74
09/05/2008;381.02
12/05/2008;375.39
13/05/2008;381.47
14/05/2008;371.04
15/05/2008;379.2
16/05/2008;384.19
19/05/2008;387.37
20/05/2008;379.2
21/05/2008;380.79
22/05/2008;381.93
23/05/2008;375.48
27/05/2008;379.93
28/05/2008;370.86
29/05/2008;367.86
30/05/2008;367.64
02/06/2008;361.97
03/06/2008;365.6
04/06/2008;363.15
05/06/2008;359.29
06/06/2008;367.68
09/06/2008;367.07
10/06/2008;365.14
11/06/2008;362.38
12/06/2008;360.83
13/06/2008;364.01
16/06/2008;374.44
17/06/2008;371.08
18/06/2008;376.3
19/06/2008;380.36
20/06/2008;389.64
23/06/2008;387.39
24/06/2008;385.17
25/06/2008;387.46
26/06/2008;387.87
27/06/2008;393.72
30/06/2008;398.05
01/07/2008;395.12
02/07/2008;396.92
03/07/2008;407.55
04/07/2008;392.86
07/07/2008;388.5
08/07/2008;387.37
09/07/2008;378.98
10/07/2008;382.06
11/07/2008;385.51
14/07/2008;384.65
15/07/2008;384.44
16/07/2008;376.07
17/07/2008;376.53
18/07/2008;377.57
21/07/2008;380.56
22/07/2008;382.88
23/07/2008;376.94
24/07/2008;374.65
25/07/2008;370.13
28/07/2008;371.49
29/07/2008;367.23
30/07/2008;365.37
31/07/2008;374.69
01/08/2008;367.23
04/08/2008;358.57
05/08/2008;354.23
06/08/2008;357.02
07/08/2008;354.98
08/08/2008;342.46
11/08/2008;338.4
12/08/2008;329.35
13/08/2008;331.94
14/08/2008;346.55
15/08/2008;331.58
18/08/2008;337.11
19/08/2008;339.15
20/08/2008;347.91
21/08/2008;355.71
22/08/2008;356.57
26/08/2008;343.87
27/08/2008;345.91
28/08/2008;346.91
29/08/2008;340.65
01/09/2008;334.34
02/09/2008;327.72
03/09/2008;333.84
04/09/2008;336.57
05/09/2008;320.92
08/09/2008;317.06
09/09/2008;314.16
10/09/2008;311.21
11/09/2008;312.98
12/09/2008;321.87
15/09/2008;312.03
16/09/2008;310.3
17/09/2008;314.43
18/09/2008;314.43
19/09/2008;312.98
22/09/2008;325.04
23/09/2008;321.6
24/09/2008;317.29
25/09/2008;313.21
26/09/2008;314.16
29/09/2008;298.92
30/09/2008;291.16
01/10/2008;289.35
02/10/2008;282.18
03/10/2008;270.34
06/10/2008;258.82
07/10/2008;260.32
08/10/2008;249.7
09/10/2008;245.03
10/10/2008;226.8
13/10/2008;228.2
14/10/2008;251.97
15/10/2008;232.51
16/10/2008;221.35
17/10/2008;213.23
20/10/2008;221.15
21/10/2008;203.66
22/10/2008;194.41
23/10/2008;180.8
24/10/2008;168.78
27/10/2008;167.19
28/10/2008;187.29
29/10/2008;200.51
30/10/2008;203.98
31/10/2008;181.21
03/11/2008;179.62
04/11/2008;191.92
05/11/2008;184.66
06/11/2008;176.45
07/11/2008;170.6
10/11/2008;181.66
11/11/2008;167.4
12/11/2008;162.93
13/11/2008;162.89
14/11/2008;168.83
17/11/2008;162.41
18/11/2008;159.26
19/11/2008;161.71
20/11/2008;155.61
21/11/2008;157.42
24/11/2008;168.53
25/11/2008;161.73
26/11/2008;169.73
27/11/2008;166.24
28/11/2008;162.43
01/12/2008;163.09
02/12/2008;160.14
03/12/2008;155.27
04/12/2008;152.43
05/12/2008;138.37
08/12/2008;142.47
09/12/2008;141.52
10/12/2008;144.27
11/12/2008;146.62
12/12/2008;135.26
15/12/2008;139.5
16/12/2008;137.01
17/12/2008;136.08
18/12/2008;130.88
19/12/2008;128.19
22/12/2008;132.02
23/12/2008;129.3
24/12/2008;125.65
29/12/2008;128.96
30/12/2008;127.55
31/12/2008;131.63
02/01/2009;139.3
05/01/2009;140.68
06/01/2009;151.14
07/01/2009;153.79
08/01/2009;143.81
09/01/2009;148.78
12/01/2009;143.86
13/01/2009;142.38
14/01/2009;148.51
15/01/2009;145.63
16/01/2009;151.64
19/01/2009;150.64
20/01/2009;148.57
21/01/2009;145.65
22/01/2009;143.11
23/01/2009;138.37
26/01/2009;148.82
27/01/2009;151.07
28/01/2009;149.46
29/01/2009;141.77
30/01/2009;140.89
02/02/2009;142.68
03/02/2009;145.2
04/02/2009;150.59
05/02/2009;151.98
06/02/2009;156.06
09/02/2009;159.98
10/02/2009;156.99
11/02/2009;153.18
12/02/2009;151.98
13/02/2009;154.54
16/02/2009;148.39
17/02/2009;148.37
18/02/2009;142.95
19/02/2009;149.28
20/02/2009;142.88
23/02/2009;145.4
24/02/2009;144.72
25/02/2009;151.98
26/02/2009;156.17
27/02/2009;153.77
02/03/2009;151.05
03/03/2009;157.85
04/03/2009;160.8
05/03/2009;165.13
06/03/2009;167.51
09/03/2009;161.8
10/03/2009;166.36
11/03/2009;164.93
12/03/2009;158.49
13/03/2009;166.51
16/03/2009;167.38
17/03/2009;170.6
18/03/2009;169.64
19/03/2009;178.26
20/03/2009;177.4
23/03/2009;181.73
24/03/2009;177.4
25/03/2009;176.45
26/03/2009;184.98
27/03/2009;178.99
30/03/2009;175.63
31/03/2009;183.03
01/04/2009;179.78
02/04/2009;186.45
03/04/2009;187.33
06/04/2009;196.43
07/04/2009;195.45
08/04/2009;195.27
09/04/2009;202.53
14/04/2009;207.84
15/04/2009;215.46
16/04/2009;216.18
17/04/2009;214.32
20/04/2009;210.29
21/04/2009;199.69
22/04/2009;201.71
23/04/2009;205.98
24/04/2009;197.86
27/04/2009;195.29
28/04/2009;189.83
29/04/2009;195.07
30/04/2009;204.8
01/05/2009;204.16
05/05/2009;210.47
06/05/2009;208.24
07/05/2009;215.91
08/05/2009;215.55
11/05/2009;205.34
12/05/2009;209.83
13/05/2009;204.48
14/05/2009;195.45
15/05/2009;197.22
18/05/2009;199.58
19/05/2009;208.7
20/05/2009;205.89
21/05/2009;204.3
22/05/2009;208.02
26/05/2009;205.84
27/05/2009;211.42
28/05/2009;210.33
29/05/2009;216.64
01/06/2009;224.39
02/06/2009;227.98
03/06/2009;224.6
04/06/2009;220.9
05/06/2009;229.29
08/06/2009;223.89
09/06/2009;228.93
10/06/2009;234.96
11/06/2009;238.86
12/06/2009;237.71
15/06/2009;230.2
16/06/2009;229.02
17/06/2009;222.4
18/06/2009;222.31
19/06/2009;227.7
22/06/2009;218.68
23/06/2009;218.18
24/06/2009;221.83
25/06/2009;227.86
26/06/2009;231.4
29/06/2009;230.67
30/06/2009;231.7
01/07/2009;228.7
02/07/2009;227.07
03/07/2009;226.39
06/07/2009;220.4
07/07/2009;227.34
08/07/2009;219.99
09/07/2009;218.68
10/07/2009;219.54
13/07/2009;221.49
14/07/2009;227.3
15/07/2009;235.03
16/07/2009;237.3
17/07/2009;237.23
20/07/2009;244.94
21/07/2009;242.45
22/07/2009;242.31
23/07/2009;248.3
24/07/2009;251.79
27/07/2009;254.69
28/07/2009;254.69
29/07/2009;245.42
30/07/2009;249.34
31/07/2009;260.82
03/08/2009;270.89
04/08/2009;268.39
05/08/2009;278.14
06/08/2009;273.74
07/08/2009;270.52
10/08/2009;281.09
11/08/2009;278.32
12/08/2009;273.47
13/08/2009;291.16
14/08/2009;289.66
17/08/2009;276.51
18/08/2009;277.42
19/08/2009;269.75
20/08/2009;277.69
21/08/2009;278.28
24/08/2009;288.53
25/08/2009;285.11
26/08/2009;285.99
27/08/2009;283.99
28/08/2009;294.4
01/09/2009;283.06
02/09/2009;275.78
03/09/2009;284.86
04/09/2009;284.86
07/09/2009;285.65
08/09/2009;293.27
09/09/2009;291
10/09/2009;285.99
11/09/2009;285.31
14/09/2009;278.76
15/09/2009;279.23
16/09/2009;286.47
17/09/2009;285.85
18/09/2009;282.63
21/09/2009;276.19
22/09/2009;285.56
23/09/2009;277.19
24/09/2009;276.22
25/09/2009;270.61
28/09/2009;267.44
29/09/2009;269.18
30/09/2009;278.32
01/10/2009;275.87
02/10/2009;266.35
05/10/2009;265.62
06/10/2009;274.06
07/10/2009;274.9
08/10/2009;283.11
09/10/2009;284.2
12/10/2009;282.86
13/10/2009;284.95
14/10/2009;280.86
15/10/2009;275.65
16/10/2009;279.44
19/10/2009;283.95
20/10/2009;292.3
21/10/2009;287.85
22/10/2009;297.81
23/10/2009;301.19
26/10/2009;302.8
27/10/2009;297.69
28/10/2009;293.7
29/10/2009;291.41
30/10/2009;298.24
02/11/2009;293.61
03/11/2009;290.1
04/11/2009;298.06
05/11/2009;296.08
06/11/2009;296.29
09/11/2009;297.78
10/11/2009;293.7
11/11/2009;299.17
12/11/2009;293.7
13/11/2009;294.84
16/11/2009;303.93
17/11/2009;306.67
18/11/2009;314.16
19/11/2009;306.67
20/11/2009;305.31
23/11/2009;315.04
24/11/2009;311.39
25/11/2009;313.61
26/11/2009;313.18
27/11/2009;306.4
30/11/2009;309.1
01/12/2009;317.06
02/12/2009;320.01
03/12/2009;320.74
04/12/2009;318.69
07/12/2009;313.91
08/12/2009;315.72
09/12/2009;314.57
10/12/2009;308.9
11/12/2009;311.66
14/12/2009;313.89
15/12/2009;308.47
16/12/2009;315.07
17/12/2009;313
18/12/2009;310.3
21/12/2009;312.07
22/12/2009;310.98
23/12/2009;313.02
24/12/2009;320.69
29/12/2009;327.54
30/12/2009;330.9
31/12/2009;333.21
04/01/2010;338.56
05/01/2010;337.29
06/01/2010;344.16
07/01/2010;344.46
08/01/2010;337.74
11/01/2010;348.59
12/01/2010;336.79
13/01/2010;335.25
14/01/2010;338.11
15/01/2010;335.91
18/01/2010;340.51
19/01/2010;337.56
20/01/2010;337.74
21/01/2010;333.25
22/01/2010;328.4
25/01/2010;336.07
26/01/2010;331.39
27/01/2010;328.58
28/01/2010;319.42
29/01/2010;310.89
01/02/2010;302.77
02/02/2010;311.39
03/02/2010;310.85
04/02/2010;298.06
05/02/2010;283.13
08/02/2010;287.08
09/02/2010;294.15
10/02/2010;299.85
11/02/2010;302.66
12/02/2010;306.9
15/02/2010;310.3
16/02/2010;314.79
17/02/2010;322.94
18/02/2010;321.42
19/02/2010;326.27
22/02/2010;332.85
23/02/2010;327.81
24/02/2010;318.97
25/02/2010;319.6
26/02/2010;320.78
01/03/2010;332.71
02/03/2010;333.8
03/03/2010;339.45
04/03/2010;339.54
05/03/2010;338.67
08/03/2010;342.08
09/03/2010;335.43
10/03/2010;341.28
11/03/2010;334.96
12/03/2010;338.83
15/03/2010;332.48
16/03/2010;333
17/03/2010;339.65
18/03/2010;339.11
19/03/2010;338.43
22/03/2010;331.15
23/03/2010;335.86
24/03/2010;331.6
25/03/2010;333.25
26/03/2010;339.76
29/03/2010;346.32
30/03/2010;353.17
31/03/2010;355.16
01/04/2010;357.48
06/04/2010;360.63
07/04/2010;358.7
08/04/2010;353.6
09/04/2010;358.16
12/04/2010;359.02
13/04/2010;355.84
14/04/2010;359.45
15/04/2010;357.2
16/04/2010;358.59
19/04/2010;347.27
20/04/2010;353.21
21/04/2010;347.72
22/04/2010;347.5
23/04/2010;347.45
26/04/2010;351.99
27/04/2010;346.77
28/04/2010;336.13
29/04/2010;335.43
30/04/2010;334.07
04/05/2010;325.48
05/05/2010;308.49
06/05/2010;315.02
07/05/2010;311.71
10/05/2010;325.02
11/05/2010;312.3
12/05/2010;321.23
13/05/2010;317.99
14/05/2010;315.5
17/05/2010;304.86
18/05/2010;299.62
19/05/2010;293.27
20/05/2010;294.84
21/05/2010;301.14
24/05/2010;307.1
25/05/2010;303.23
26/05/2010;310.08
27/05/2010;311.87
28/05/2010;314.16
01/06/2010;304.59
02/06/2010;299.6
03/06/2010;300.3
04/06/2010;292.57
07/06/2010;279.28
08/06/2010;276.28
09/06/2010;285.56
10/06/2010;285.4
11/06/2010;293.11
14/06/2010;299.82
15/06/2010;300.51
16/06/2010;299.03
17/06/2010;293.95
18/06/2010;286.47
21/06/2010;299.69
22/06/2010;293.02
23/06/2010;298.28
24/06/2010;295.99
25/06/2010;299.58
28/06/2010;308.44
29/06/2010;298.69
30/06/2010;295.52
01/07/2010;288.21
02/07/2010;291.68
05/07/2010;292.11
06/07/2010;295.88
07/07/2010;296.88
08/07/2010;301.23
09/07/2010;303.02
12/07/2010;300.75
13/07/2010;299.19
14/07/2010;303.66
15/07/2010;301.91
16/07/2010;301.64
19/07/2010;295.47
20/07/2010;296.01
21/07/2010;307.13
22/07/2010;313.91
23/07/2010;317.29
26/07/2010;317.31
27/07/2010;321.67
28/07/2010;322.96
29/07/2010;326.86
30/07/2010;326.36
02/08/2010;332.76
03/08/2010;333.84
04/08/2010;334.32
05/08/2010;335.43
06/08/2010;336.57
09/08/2010;336.79
10/08/2010;327.72
11/08/2010;326.77
12/08/2010;325.68
13/08/2010;326.59
16/08/2010;326.81
17/08/2010;331.83
18/08/2010;333.55
19/08/2010;337.56
20/08/2010;326.84
23/08/2010;328.85
24/08/2010;325.27
25/08/2010;320.55
26/08/2010;326.38
27/08/2010;330.53
31/08/2010;333.64
01/09/2010;342.03
02/09/2010;345.89
03/09/2010;346.16
06/09/2010;347.47
07/09/2010;341.1
08/09/2010;345.64
09/09/2010;341.65
10/09/2010;341.33
13/09/2010;346.09
14/09/2010;340.97
15/09/2010;344.5
16/09/2010;347.91
17/09/2010;351.81
20/09/2010;350.88
21/09/2010;349.04
22/09/2010;349.52
23/09/2010;357.27
24/09/2010;358.84
27/09/2010;359.34
28/09/2010;356.8
29/09/2010;363.62
30/09/2010;365.3
01/10/2010;368.09
04/10/2010;366.75
05/10/2010;368.54
06/10/2010;372.65
07/10/2010;374.76
08/10/2010;367.61
11/10/2010;378.09
12/10/2010;374.94
13/10/2010;381.02
14/10/2010;381.56
15/10/2010;379.32
18/10/2010;378.32
19/10/2010;376.25
20/10/2010;374.21
21/10/2010;381.29
22/10/2010;376.91
25/10/2010;385.6
26/10/2010;384.01
27/10/2010;377.93
28/10/2010;377.93
29/10/2010;373.08
01/11/2010;378.25
02/11/2010;380.84
03/11/2010;381.04
04/11/2010;386.53
05/11/2010;394.63
08/11/2010;393.36
09/11/2010;401.18
10/11/2010;395.94
11/11/2010;404.83
12/11/2010;395.31
15/11/2010;389.64
16/11/2010;384.81
17/11/2010;369.45
18/11/2010;380.38
19/11/2010;381.43
22/11/2010;381.27
23/11/2010;369.63
24/11/2010;374.42
25/11/2010;376.03
26/11/2010;375.94
29/11/2010;377.37
30/11/2010;379.88
01/12/2010;387.37
02/12/2010;395.15
03/12/2010;397.07
06/12/2010;398.25
07/12/2010;409.32
08/12/2010;402.88
09/12/2010;410.12
10/12/2010;413.49
13/12/2010;417.8
14/12/2010;420.03
15/12/2010;412.81
16/12/2010;410.5
17/12/2010;412.84
20/12/2010;419.57
21/12/2010;426.83
22/12/2010;427.03
23/12/2010;420.48
24/12/2010;425.97
29/12/2010;429.33
30/12/2010;434.54
31/12/2010;441.78
04/01/2011;442.43
05/01/2011;429.14
06/01/2011;435.04
07/01/2011;426.33
10/01/2011;425.65
11/01/2011;430.19
12/01/2011;436.58
13/01/2011;436.45
14/01/2011;435.04
17/01/2011;439.53
18/01/2011;441.8
19/01/2011;443.98
20/01/2011;430.23
21/01/2011;430.23
24/01/2011;431.32
25/01/2011;423.2
26/01/2011;425.29
27/01/2011;430.46
28/01/2011;435
31/01/2011;440.89
01/02/2011;446.36
02/02/2011;451.1
03/02/2011;451.35
04/02/2011;452.96
07/02/2011;460.17
08/02/2011;450.44
09/02/2011;453.59
10/02/2011;447.95
11/02/2011;449.99
14/02/2011;460.31
15/02/2011;458.42
16/02/2011;450.19
17/02/2011;444.52
18/02/2011;444.79
21/02/2011;445.86
22/02/2011;437.94
23/02/2011;430.5
24/02/2011;428.19
25/02/2011;439.98
28/02/2011;447.13
01/03/2011;449.42
02/03/2011;445.45
03/03/2011;448.58
04/03/2011;452.25
07/03/2011;446.36
08/03/2011;427.28
09/03/2011;435.9
10/03/2011;417.1
11/03/2011;410.41
14/03/2011;417.55
15/03/2011;407.33
16/03/2011;424.31
17/03/2011;428.19
18/03/2011;432.05
21/03/2011;431.77
22/03/2011;428.64
23/03/2011;440.17
24/03/2011;439.78
25/03/2011;440.67
28/03/2011;432.95
29/03/2011;428.64
30/03/2011;431.8
31/03/2011;426.35
01/04/2011;423.47
04/04/2011;427.28
05/04/2011;419.64
06/04/2011;429.8
07/04/2011;439.85
08/04/2011;445.56
11/04/2011;443.68
12/04/2011;438.65
13/04/2011;436.61
14/04/2011;423.04
15/04/2011;427.28
18/04/2011;424.4
19/04/2011;420.89
20/04/2011;428.67
21/04/2011;435.95
26/04/2011;428.89
27/04/2011;424.04
28/04/2011;425.04
03/05/2011;419.35
04/05/2011;416.01
05/05/2011;398.75
06/05/2011;398.71
09/05/2011;404.06
10/05/2011;405.31
11/05/2011;396.92
12/05/2011;387.21
13/05/2011;401.75
16/05/2011;395.08
17/05/2011;402.02
18/05/2011;403.54
19/05/2011;408.53
20/05/2011;407.44
23/05/2011;400.57
24/05/2011;402.86
25/05/2011;409.1
26/05/2011;407.8
27/05/2011;415.08
31/05/2011;418.42
01/06/2011;415.99
02/06/2011;409.93
03/06/2011;408.96
06/06/2011;412.68
07/06/2011;412.41
08/06/2011;406.9
09/06/2011;405.99
10/06/2011;408.26
13/06/2011;403.47
14/06/2011;408.69
15/06/2011;414.9
16/06/2011;408.75
17/06/2011;412.84
20/06/2011;405.28
21/06/2011;410.95
22/06/2011;408.55
23/06/2011;407.26
24/06/2011;410.27
27/06/2011;408.26
28/06/2011;408.03
29/06/2011;416.22
30/06/2011;421.89
01/07/2011;426.6
04/07/2011;426.88
05/07/2011;426.63
06/07/2011;427.83
07/07/2011;432.59
08/07/2011;440.57
11/07/2011;433.45
12/07/2011;430.94
13/07/2011;438.1
14/07/2011;437.94
15/07/2011;435.72
18/07/2011;439.53
19/07/2011;442.48
20/07/2011;442.96
21/07/2011;435.77
22/07/2011;439.89
25/07/2011;436.36
26/07/2011;443.52
27/07/2011;441.62
28/07/2011;441.98
29/07/2011;441.39
01/08/2011;445.75
02/08/2011;436.81
03/08/2011;433.16
04/08/2011;428.74
05/08/2011;416.85
08/08/2011;410
09/08/2011;401.47
10/08/2011;401.59
11/08/2011;399.25
12/08/2011;401.47
15/08/2011;400.25
16/08/2011;397.35
17/08/2011;402.34
18/08/2011;399.3
19/08/2011;398.32
22/08/2011;399.68
23/08/2011;401.81
24/08/2011;400.61
25/08/2011;404.04
26/08/2011;412.34
30/08/2011;414.04
31/08/2011;417.17
01/09/2011;412.81
02/09/2011;410.52
05/09/2011;405.28
06/09/2011;404.58
07/09/2011;406.9
08/09/2011;410.09
09/09/2011;403.9
12/09/2011;392.15
13/09/2011;397.23
14/09/2011;395.51
15/09/2011;395.06
16/09/2011;398.32
19/09/2011;381.7
20/09/2011;380.9
21/09/2011;372.9
22/09/2011;353.37
23/09/2011;330.67
26/09/2011;327.77
27/09/2011;341.46
28/09/2011;336.38
29/09/2011;316.4
30/09/2011;323.48
03/10/2011;308.22
04/10/2011;307.76
05/10/2011;311.19
06/10/2011;321.85
07/10/2011;328.85
10/10/2011;331.76
11/10/2011;327.29
12/10/2011;336.52
13/10/2011;332.39
14/10/2011;340.22
17/10/2011;343.19
18/10/2011;329.81
19/10/2011;331.37
20/10/2011;313.73
21/10/2011;320.33
24/10/2011;334.77
25/10/2011;344.3
26/10/2011;350.2
27/10/2011;364.69
28/10/2011;362.03
31/10/2011;358.36
01/11/2011;347.45
02/11/2011;358.88
03/11/2011;355.84
04/11/2011;359.7
07/11/2011;352.69
08/11/2011;354.73
09/11/2011;348
10/11/2011;338.2
11/11/2011;337.97
14/11/2011;350.7
15/11/2011;346.18
16/11/2011;344.37
17/11/2011;340.26
18/11/2011;343.94
21/11/2011;331.17
22/11/2011;335.57
23/11/2011;325.5
24/11/2011;329.83
25/11/2011;326.43
28/11/2011;334.8
29/11/2011;337.84
30/11/2011;335.91
01/12/2011;353.85
02/12/2011;357.88
05/12/2011;355.84
06/12/2011;352.26
07/12/2011;354.21
08/12/2011;353.82
09/12/2011;353.82
12/12/2011;345.25
13/12/2011;344.1
14/12/2011;333.39
15/12/2011;329.49
16/12/2011;332.94
19/12/2011;330.51
20/12/2011;329.99
21/12/2011;336.36
22/12/2011;339.85
23/12/2011;344.28
28/12/2011;340.29
29/12/2011;334.39
30/12/2011;342.64
03/01/2012;347.5
04/01/2012;347.09
05/01/2012;338.88
06/01/2012;340.87
09/01/2012;340.33
10/01/2012;346.59
11/01/2012;348.79
12/01/2012;360.42
13/01/2012;361.31
16/01/2012;363.83
17/01/2012;371.27
18/01/2012;369.95
19/01/2012;378.77
20/01/2012;373.33
23/01/2012;377.98
24/01/2012;374.98
25/01/2012;375.17
26/01/2012;388.28
27/01/2012;390.54
30/01/2012;380.97
31/01/2012;384.9
01/02/2012;378.82
02/02/2012;378.25
03/02/2012;377.39
06/02/2012;383.88
07/02/2012;378.09
08/02/2012;389.45
09/02/2012;386.48
10/02/2012;389.68
13/02/2012;386.1
14/02/2012;381.24
15/02/2012;380.81
16/02/2012;372.38
17/02/2012;379.66
20/02/2012;373.49
21/02/2012;377.62
22/02/2012;380.61
23/02/2012;381.38
24/02/2012;382.88
27/02/2012;382.65
28/02/2012;392.72
29/02/2012;389.41
01/03/2012;388.73
02/03/2012;388.96
05/03/2012;385.64
06/03/2012;378.09
07/03/2012;374.71
08/03/2012;380.56
09/03/2012;380.59
12/03/2012;381.09
13/03/2012;386.91
14/03/2012;384.1
15/03/2012;385.12
16/03/2012;391.02
19/03/2012;388.96
20/03/2012;382.7
21/03/2012;384.22
22/03/2012;377.39
23/03/2012;381.04
26/03/2012;384.87
27/03/2012;386.1
28/03/2012;384.67
29/03/2012;379.2
30/03/2012;384.65
02/04/2012;384.65
03/04/2012;388.98
04/04/2012;383.35
05/04/2012;379.45
10/04/2012;374.49
11/04/2012;368.09
12/04/2012;371.27
13/04/2012;370.38
16/04/2012;365.32
17/04/2012;367.43
18/04/2012;366.73
19/04/2012;364.94
20/04/2012;368.34
23/04/2012;368.54
24/04/2012;371.67
25/04/2012;375.82
26/04/2012;379.02
27/04/2012;382.99
30/04/2012;386.89
01/05/2012;386.82
02/05/2012;381.06
03/05/2012;377.3
04/05/2012;376.3
08/05/2012;373.49
09/05/2012;366.91
10/05/2012;371.74
11/05/2012;366.5
14/05/2012;361.97
15/05/2012;356.25
16/05/2012;349.72
17/05/2012;349.63
18/05/2012;353.6
21/05/2012;353.82
22/05/2012;352.67
23/05/2012;346.11
24/05/2012;347.47
25/05/2012;349.06
28/05/2012;351.08
29/05/2012;348.61
30/05/2012;342.24
31/05/2012;340.97
01/06/2012;334.03
06/06/2012;338.36
07/06/2012;339.31
08/06/2012;328.92
11/06/2012;335.48
12/06/2012;334.93
13/06/2012;335.55
14/06/2012;334.59
15/06/2012;341.15
18/06/2012;339.08
19/06/2012;340.44
20/06/2012;342.71
21/06/2012;336.84
22/06/2012;332.03
25/06/2012;333.05
26/06/2012;333.25
27/06/2012;333.57
28/06/2012;336.61
29/06/2012;344.93
02/07/2012;346.88
03/07/2012;352.76
04/07/2012;349.06
05/07/2012;352.06
06/07/2012;344.73
09/07/2012;341.12
10/07/2012;342.73
11/07/2012;341.35
12/07/2012;340.65
13/07/2012;348.79
16/07/2012;346.36
17/07/2012;347.95
18/07/2012;344.55
19/07/2012;352.21
20/07/2012;345.86
23/07/2012;335.07
24/07/2012;335.48
25/07/2012;337.52
26/07/2012;340.67
27/07/2012;342.69
30/07/2012;341.1
31/07/2012;343.87
01/08/2012;340.19
02/08/2012;335.05
03/08/2012;332.35
06/08/2012;335.66
07/08/2012;343.23
08/08/2012;341.35
09/08/2012;339.99
10/08/2012;337.04
13/08/2012;336.86
14/08/2012;335.98
15/08/2012;335.02
16/08/2012;335.02
17/08/2012;340.01
20/08/2012;337.16
21/08/2012;340.65
22/08/2012;343.44
23/08/2012;347.79
24/08/2012;344.75
28/08/2012;345
29/08/2012;341.31
30/08/2012;345.23
31/08/2012;343.66
03/09/2012;346.98
04/09/2012;346.57
05/09/2012;345.03
06/09/2012;347.93
07/09/2012;355.8
10/09/2012;364.33
11/09/2012;366.5
12/09/2012;367.43
13/09/2012;365.39
14/09/2012;381.04
17/09/2012;376.16
18/09/2012;373.03
19/09/2012;377.53
20/09/2012;372.04
21/09/2012;375.67
24/09/2012;369.93
25/09/2012;373.56
26/09/2012;368.79
27/09/2012;370.81
28/09/2012;375.01
01/10/2012;371.56
02/10/2012;378.3
03/10/2012;375.39
04/10/2012;377.62
05/10/2012;376.44
08/10/2012;368.91
09/10/2012;371.17
10/10/2012;368.52
11/10/2012;372.49
12/10/2012;370.99
15/10/2012;368.77
16/10/2012;369.29
17/10/2012;367.98
18/10/2012;372.4
19/10/2012;368.36
22/10/2012;362.13
23/10/2012;356.57
24/10/2012;356.55
25/10/2012;356.16
26/10/2012;352.21
29/10/2012;350.17
30/10/2012;351.99
31/10/2012;354.66
01/11/2012;354.3
02/11/2012;352.24
05/11/2012;344.91
06/11/2012;347.5
07/11/2012;347.2
08/11/2012;344.98
09/11/2012;342.03
12/11/2012;345.93
13/11/2012;345.03
14/11/2012;346.32
15/11/2012;344.98
16/11/2012;343.51
19/11/2012;347.93
20/11/2012;350.67
21/11/2012;349.49
22/11/2012;349.99
23/11/2012;348.18
26/11/2012;352.46
27/11/2012;353.62
28/11/2012;350.17
29/11/2012;356.07
30/11/2012;360.56
03/12/2012;361.76
04/12/2012;362.47
05/12/2012;363.87
06/12/2012;363.8
07/12/2012;361.31
10/12/2012;367.93
11/12/2012;366.05
12/12/2012;367.5
13/12/2012;362.9
14/12/2012;365.03
17/12/2012;362.92
18/12/2012;363.12
19/12/2012;360.42
20/12/2012;354.96
21/12/2012;352.37
24/12/2012;352.89
27/12/2012;357.05
28/12/2012;356.98
31/12/2012;359.02
02/01/2013;366.73
03/01/2013;369.25
04/01/2013;364.05
07/01/2013;362.67
08/01/2013;365.16
09/01/2013;365.55
10/01/2013;368.18
11/01/2013;366.09
14/01/2013;364.23
15/01/2013;360.38
16/01/2013;358.81
17/01/2013;359.7
18/01/2013;365.28
21/01/2013;363.8
22/01/2013;365.96
23/01/2013;368.11
24/01/2013;364.51
25/01/2013;365.6
28/01/2013;363.55
29/01/2013;363.35
30/01/2013;370.83
31/01/2013;370.59
01/02/2013;370.13
04/02/2013;373.13
05/02/2013;373.87
06/02/2013;371.95
07/02/2013;372.49
08/02/2013;372.63
11/02/2013;372.67
12/02/2013;371.24
13/02/2013;372.9
14/02/2013;371.81
15/02/2013;371.88
18/02/2013;366.3
19/02/2013;366.05
20/02/2013;363.3
21/02/2013;355.96
22/02/2013;354.94
25/02/2013;356.77
26/02/2013;353.12
27/02/2013;355.21
28/02/2013;355.07
01/03/2013;345.66
04/03/2013;351.58
05/03/2013;350.17
06/03/2013;349.24
07/03/2013;347.95
08/03/2013;350.63
11/03/2013;348.22
12/03/2013;354.48
13/03/2013;352.78
14/03/2013;352.08
15/03/2013;352.99
18/03/2013;342.71
19/03/2013;341.96
20/03/2013;343.57
21/03/2013;343.82
22/03/2013;345.55
25/03/2013;344.82
26/03/2013;346.14
27/03/2013;343.37
28/03/2013;343.94
02/04/2013;337.22
03/04/2013;335.91
04/04/2013;332.78
05/04/2013;334.57
08/04/2013;338.27
09/04/2013;339.54
10/04/2013;342.33
11/04/2013;340.65
12/04/2013;340.65
15/04/2013;322.98
16/04/2013;327.45
17/04/2013;320.55
18/04/2013;315.81
19/04/2013;316.38
22/04/2013;311.87
23/04/2013;308.94
24/04/2013;314.59
25/04/2013;319.1
26/04/2013;319.99
29/04/2013;321.1
30/04/2013;320.85
01/05/2013;311.84
02/05/2013;311.64
03/05/2013;323.05
07/05/2013;328.42
08/05/2013;332.3
09/05/2013;331.62
10/05/2013;335.23
13/05/2013;333.41
14/05/2013;326.38
15/05/2013;321.85
16/05/2013;321.85
17/05/2013;332.46
20/05/2013;330.03
21/05/2013;334.93
22/05/2013;339.29
23/05/2013;330.46
24/05/2013;328.4
28/05/2013;329.17
29/05/2013;326.65
30/05/2013;328.65
31/05/2013;328.45
03/06/2013;332.51
04/06/2013;332.82
05/06/2013;336.63
06/06/2013;331.62
07/06/2013;330.31
10/06/2013;322.96
11/06/2013;319.15
12/06/2013;321.42
13/06/2013;320.12
14/06/2013;319.56
17/06/2013;318.44
18/06/2013;316.18
19/06/2013;316.27
20/06/2013;308.81
21/06/2013;307.4
24/06/2013;301.07
25/06/2013;305.11
26/06/2013;303.25
27/06/2013;304.16
28/06/2013;306.2
01/07/2013;313.75
02/07/2013;316.61
03/07/2013;313.98
04/07/2013;313.91
05/07/2013;309.4
08/07/2013;306.86
09/07/2013;304.77
10/07/2013;307.54
11/07/2013;317.31
12/07/2013;314.02
15/07/2013;312.59
16/07/2013;314.63
17/07/2013;314.07
18/07/2013;310.96
19/07/2013;313.89
22/07/2013;316.61
23/07/2013;315.75
24/07/2013;320.98
25/07/2013;314.23
26/07/2013;313.23
29/07/2013;311.19
30/07/2013;306.27
31/07/2013;308.67
01/08/2013;317.47
02/08/2013;318.38
05/08/2013;315.27
06/08/2013;318.72
07/08/2013;312.62
08/08/2013;323.03
09/08/2013;325.95
12/08/2013;328.67
13/08/2013;330.26
14/08/2013;329.88
15/08/2013;327.86
16/08/2013;332.73
19/08/2013;330.46
20/08/2013;329.56
21/08/2013;328.22
22/08/2013;332.96
23/08/2013;331.15
27/08/2013;331.15
28/08/2013;328.22
29/08/2013;327.06
30/08/2013;321.82
02/09/2013;325.48
03/09/2013;325.84
04/09/2013;323.21
05/09/2013;322.19
06/09/2013;325.25
09/09/2013;326.2
10/09/2013;325.32
11/09/2013;324.91
12/09/2013;319.49
13/09/2013;318.81
16/09/2013;319.78
17/09/2013;320.08
18/09/2013;321.62
19/09/2013;331.19
20/09/2013;330.9
23/09/2013;325.72
24/09/2013;323.89
25/09/2013;324.55
26/09/2013;327.52
27/09/2013;328.97
30/09/2013;330.69
01/10/2013;327.45
02/10/2013;324.59
03/10/2013;327.29
04/10/2013;324.23
07/10/2013;325.27
08/10/2013;328.02
09/10/2013;323.91
10/10/2013;322.62
11/10/2013;323.18
14/10/2013;326.84
15/10/2013;325.95
16/10/2013;324.7
17/10/2013;325.32
18/10/2013;328.47
21/10/2013;327.74
22/10/2013;329.31
23/10/2013;326.61
24/10/2013;324.77
25/10/2013;323.23
28/10/2013;324.82
29/10/2013;327.29
30/10/2013;330.01
31/10/2013;328.13
01/11/2013;329.1
04/11/2013;325.68
05/11/2013;323.8
06/11/2013;326.59
07/11/2013;322.91
08/11/2013;323.21
11/11/2013;323.64
12/11/2013;323.14
13/11/2013;318.49
14/11/2013;314.75
15/11/2013;316.04
18/11/2013;317.49
19/11/2013;315.11
20/11/2013;316.61
21/11/2013;317.15
22/11/2013;320.49
25/11/2013;320.58
26/11/2013;320.74
27/11/2013;319.85
28/11/2013;316.97
29/11/2013;318.74
02/12/2013;317.9
03/12/2013;315.02
04/12/2013;316.38
05/12/2013;321.19
06/12/2013;322.64
09/12/2013;323.91
10/12/2013;325.02
11/12/2013;325.2
12/12/2013;327.95
13/12/2013;327.43
16/12/2013;332.28
17/12/2013;330.49
18/12/2013;327.95
19/12/2013;327.43
20/12/2013;329.51
23/12/2013;328.9
24/12/2013;330.22
27/12/2013;334.52
30/12/2013;335.07
31/12/2013;335.41
02/01/2014;337.45
03/01/2014;332.73
06/01/2014;331.73
07/01/2014;333.57
08/01/2014;334.21
09/01/2014;330.31
10/01/2014;330.37
13/01/2014;331.37
14/01/2014;333.07
15/01/2014;331.53
16/01/2014;333.19
17/01/2014;334.73
20/01/2014;332.94
21/01/2014;332.57
22/01/2014;332.35
23/01/2014;330.44
24/01/2014;328.4
27/01/2014;328.17
28/01/2014;327.27
29/01/2014;326.99
30/01/2014;324.55
31/01/2014;321.64
03/02/2014;321.85
04/02/2014;322.37
05/02/2014;321.87
06/02/2014;322.46
07/02/2014;326.59
10/02/2014;326.16
11/02/2014;322.96
12/02/2014;325.43
13/02/2014;324.64
14/02/2014;325.48
17/02/2014;327.04
18/02/2014;326.81
19/02/2014;327.49
20/02/2014;325.91
21/02/2014;327.11
24/02/2014;323.41
25/02/2014;322.73
26/02/2014;324.27
27/02/2014;321.82
28/02/2014;321.94
03/03/2014;318.99
04/03/2014;319.1
05/03/2014;322.16
06/03/2014;319.99
07/03/2014;314.36
10/03/2014;304.63
11/03/2014;304.84
12/03/2014;294.74
13/03/2014;294.61
14/03/2014;294.38
17/03/2014;297.1
18/03/2014;293.54
19/03/2014;292.39
20/03/2014;291.86
21/03/2014;296.63
24/03/2014;295.29
25/03/2014;297.53
26/03/2014;297.33
27/03/2014;298.51
28/03/2014;302.41
31/03/2014;301
01/04/2014;300.82
02/04/2014;304.5
03/04/2014;299.64
04/04/2014;302.86
07/04/2014;299.85
08/04/2014;301.73
09/04/2014;300.75
10/04/2014;301.07
11/04/2014;303.27
14/04/2014;301.41
15/04/2014;300.73
16/04/2014;299.37
17/04/2014;300.78
22/04/2014;300.66
23/04/2014;301.41
24/04/2014;305.31
25/04/2014;307.79
28/04/2014;307.63
29/04/2014;307.08
30/04/2014;305
01/05/2014;302.57
02/05/2014;303.86
06/05/2014;305.72
07/05/2014;303.36
08/05/2014;303.48
09/05/2014;307.08
12/05/2014;314.34
13/05/2014;312.28
14/05/2014;316.45
15/05/2014;315.2
16/05/2014;315.25
19/05/2014;317.92
20/05/2014;314
21/05/2014;310.3
22/05/2014;315.04
23/05/2014;317.11
27/05/2014;318.42
28/05/2014;319.1
29/05/2014;316.15
30/05/2014;317.31
02/06/2014;317.65
03/06/2014;314.34
04/06/2014;310.03
05/06/2014;308.44
06/06/2014;302.12
09/06/2014;302.43
10/06/2014;303.7
11/06/2014;303.43
12/06/2014;305.04
13/06/2014;302.61
16/06/2014;305.49
17/06/2014;304.41
18/06/2014;305.68
19/06/2014;305.29
20/06/2014;307.42
23/06/2014;313.02
24/06/2014;312.91
25/06/2014;312.55
26/06/2014;314.63
27/06/2014;316.43
30/06/2014;315.47
01/07/2014;318.2
02/07/2014;319.78
03/07/2014;323
04/07/2014;324.73
07/07/2014;322.98
08/07/2014;324.55
09/07/2014;325.36
10/07/2014;322.5
11/07/2014;324.36
14/07/2014;324.52
15/07/2014;322.16
16/07/2014;322.59
17/07/2014;318.9
18/07/2014;318.72
21/07/2014;317.04
22/07/2014;320.26
23/07/2014;320.46
24/07/2014;324.36
25/07/2014;325.84
28/07/2014;323.5
29/07/2014;322.78
30/07/2014;321.6
31/07/2014;323.66
01/08/2014;321.05
04/08/2014;322.23
05/08/2014;322.07
06/08/2014;317.29
07/08/2014;316.63
08/08/2014;318.42
11/08/2014;317.99
12/08/2014;318.67
13/08/2014;314.14
14/08/2014;312.37
15/08/2014;310.82
18/08/2014;313.43
19/08/2014;314.54
20/08/2014;313.98
21/08/2014;317.65
22/08/2014;321.51
26/08/2014;321.87
27/08/2014;319.83
28/08/2014;319.01
29/08/2014;317.29
01/09/2014;316
02/09/2014;315.95
03/09/2014;314.2
04/09/2014;316.02
05/09/2014;316.29
08/09/2014;319.35
09/09/2014;314.66
10/09/2014;312.87
11/09/2014;309.76
12/09/2014;310.98
15/09/2014;310.71
16/09/2014;312.77
17/09/2014;315.63
18/09/2014;313.89
19/09/2014;311.55
22/09/2014;307.63
23/09/2014;308.31
24/09/2014;306.17
25/09/2014;306.9
26/09/2014;307.13
29/09/2014;305.52
30/09/2014;305.54
01/10/2014;306.4
02/10/2014;303.61
03/10/2014;302.32
06/10/2014;304.47
07/10/2014;304.59
08/10/2014;306.4
09/10/2014;306.95
10/10/2014;303.77
13/10/2014;308.53
14/10/2014;307.56
15/10/2014;307.58
16/10/2014;300.73
17/10/2014;300.69
20/10/2014;300.05
21/10/2014;302.09
22/10/2014;305.29
23/10/2014;304.75
24/10/2014;306.61
27/10/2014;308.47
28/10/2014;311.14
29/10/2014;310.94
30/10/2014;307.76
31/10/2014;310.05
03/11/2014;308.49
04/11/2014;304.16
05/11/2014;301.46
06/11/2014;303.05
07/11/2014;304.84
10/11/2014;305.52
11/11/2014;303.36
12/11/2014;306.29
13/11/2014;306.42
14/11/2014;303.68
17/11/2014;306.27
18/11/2014;303.18
19/11/2014;304.59
20/11/2014;303.36
21/11/2014;307.99
24/11/2014;305.31
25/11/2014;303.73
26/11/2014;301.59
27/11/2014;300.35
28/11/2014;295.54
01/12/2014;289.62
02/12/2014;292.79
03/12/2014;292.61
04/12/2014;294.43
05/12/2014;296.47
08/12/2014;293.27
09/12/2014;290.34
10/12/2014;293.75
11/12/2014;293.54
12/12/2014;296.04
15/12/2014;297.56
16/12/2014;289.85
17/12/2014;286.04
18/12/2014;288.05
19/12/2014;292.36
22/12/2014;291.5
23/12/2014;288.62
24/12/2014;288.53
29/12/2014;287.21
30/12/2014;287.12
31/12/2014;288.44
02/01/2015;286.17
05/01/2015;281.95
06/01/2015;280.82
07/01/2015;279.87
08/01/2015;282.61
09/01/2015;279
12/01/2015;278.1
13/01/2015;268.3
14/01/2015;255.24
15/01/2015;259.41
16/01/2015;256.73
19/01/2015;257.23
20/01/2015;261.29
21/01/2015;255.4
22/01/2015;260.45
23/01/2015;253.15
26/01/2015;249.02
27/01/2015;252.06
28/01/2015;248.82
29/01/2015;244.51
30/01/2015;249.7
02/02/2015;251.09
03/02/2015;258.32
04/02/2015;258.91
05/02/2015;253.79
06/02/2015;258.18
09/02/2015;257.01
10/02/2015;253.6
11/02/2015;256.08
12/02/2015;258.32
13/02/2015;259.95
16/02/2015;259.09
17/02/2015;256.98
18/02/2015;258.09
19/02/2015;259.45
20/02/2015;258.87
23/02/2015;256.6
24/02/2015;259.23
25/02/2015;263.31
26/02/2015;269.23
27/02/2015;266.74
02/03/2015;267.44
03/03/2015;265.58
04/03/2015;266.8
05/03/2015;265.62
06/03/2015;264.29
09/03/2015;263.08
10/03/2015;262.34
11/03/2015;262.45
12/03/2015;266.05
13/03/2015;265.81
16/03/2015;265.49
17/03/2015;261.5
18/03/2015;258.21
19/03/2015;264.67
20/03/2015;268.53
23/03/2015;276.4
24/03/2015;277.96
25/03/2015;278.26
26/03/2015;282.59
27/03/2015;278.78
30/03/2015;277.15
31/03/2015;274.45
01/04/2015;273.04
02/04/2015;272.22
07/04/2015;274.02
08/04/2015;274.65
09/04/2015;274.42
10/04/2015;274.65
13/04/2015;272.68
14/04/2015;268.37
15/04/2015;268.55
16/04/2015;274.6
17/04/2015;275.83
20/04/2015;272.25
21/04/2015;271.02
22/04/2015;268.84
23/04/2015;269.21
24/04/2015;273.31
27/04/2015;274.92
28/04/2015;276.26
29/04/2015;276.83
30/04/2015;283.27
01/05/2015;288.58
05/05/2015;290.75
06/05/2015;290.32
07/05/2015;291.98
08/05/2015;290.14
11/05/2015;288.62
12/05/2015;292.48
13/05/2015;291.02
14/05/2015;290.25
15/05/2015;288.3
18/05/2015;289.53
19/05/2015;284.4
20/05/2015;281.59
21/05/2015;283.04
22/05/2015;281.11
26/05/2015;278.26
27/05/2015;276.01
28/05/2015;277.46
29/05/2015;276.17
01/06/2015;270.82
02/06/2015;272.09
03/06/2015;271.79
04/06/2015;270.07
05/06/2015;268.73
08/06/2015;268.3
09/06/2015;271.66
10/06/2015;274.22
11/06/2015;267.89
12/06/2015;267.1
15/06/2015;261.29
16/06/2015;260.91
17/06/2015;260.77
18/06/2015;261.31
19/06/2015;256.87
22/06/2015;256.1
23/06/2015;259.68
24/06/2015;261.5
25/06/2015;259.25
26/06/2015;259.95
29/06/2015;261.59
30/06/2015;259.5
01/07/2015;261.07
02/07/2015;261.31
03/07/2015;261.34
06/07/2015;252.65
07/07/2015;246.78
08/07/2015;243.81
09/07/2015;252.92
10/07/2015;252.27
13/07/2015;254.26
14/07/2015;249.59
15/07/2015;253.88
16/07/2015;250.84
17/07/2015;247.89
20/07/2015;246.07
21/07/2015;248.36
22/07/2015;242.69
23/07/2015;242.22
24/07/2015;236.98
27/07/2015;235.41
28/07/2015;237.66
29/07/2015;240.49
30/07/2015;237.73
31/07/2015;236.78
03/08/2015;234.8
04/08/2015;236.57
05/08/2015;234.58
06/08/2015;234.28
07/08/2015;232.94
10/08/2015;233.6
11/08/2015;233.15
12/08/2015;231.47
13/08/2015;233.51
14/08/2015;233.87
17/08/2015;231.38
18/08/2015;226.82
19/08/2015;227.09
20/08/2015;229.54
21/08/2015;228.88
24/08/2015;221.72
25/08/2015;228.25
26/08/2015;224.94
27/08/2015;228.11
28/08/2015;231.11
01/09/2015;231.11
02/09/2015;230.9
03/09/2015;238.14
04/09/2015;233.85
07/09/2015;234.78
08/09/2015;239.5
09/09/2015;243.4
10/09/2015;244.94
11/09/2015;242.76
14/09/2015;241.49
15/09/2015;239.95
16/09/2015;242.67
17/09/2015;243.53
18/09/2015;243.03
21/09/2015;238.91
22/09/2015;232.74
23/09/2015;231.88
24/09/2015;228.88
25/09/2015;231.24
28/09/2015;225.21
29/09/2015;227.25
30/09/2015;231.01
01/10/2015;234.87
02/10/2015;230.47
05/10/2015;233.35
06/10/2015;234.73
07/10/2015;237.73
08/10/2015;234.05
09/10/2015;241.27
12/10/2015;241.99
13/10/2015;238.61
14/10/2015;239.41
15/10/2015;242.4
16/10/2015;239.04
19/10/2015;237.68
20/10/2015;235.37
21/10/2015;235.21
22/10/2015;239.22
23/10/2015;240.18
26/10/2015;237.36
27/10/2015;236.75
28/10/2015;234.92
29/10/2015;234.1
30/10/2015;232.94
02/11/2015;233.03
03/11/2015;233.55
04/11/2015;234.3
05/11/2015;229.2
06/11/2015;226.8
09/11/2015;226.34
10/11/2015;223.78
11/11/2015;223.67
12/11/2015;221.01
13/11/2015;218.86
16/11/2015;216.14
17/11/2015;213.19
18/11/2015;211.78
19/11/2015;209.11
20/11/2015;212.73
23/11/2015;204.82
24/11/2015;205.34
25/11/2015;205.98
26/11/2015;211.69
27/11/2015;210.29
30/11/2015;208.45
01/12/2015;209.51
02/12/2015;208.15
03/12/2015;205.25
04/12/2015;210.33
07/12/2015;208.31
08/12/2015;207.18
09/12/2015;209.56
10/12/2015;207.38
11/12/2015;211.69
14/12/2015;210.47
15/12/2015;208.02
16/12/2015;207.88
17/12/2015;206.38
18/12/2015;210.92
21/12/2015;212.78
22/12/2015;211.94
23/12/2015;212.28
24/12/2015;211.62
29/12/2015;212.51
30/12/2015;213.87
31/12/2015;213.28
04/01/2016;210.69
05/01/2016;210.78
06/01/2016;208.65
07/01/2016;204.75
08/01/2016;203.5
11/01/2016;199.69
12/01/2016;197.54
13/01/2016;198.67
14/01/2016;198.02
15/01/2016;195.52
18/01/2016;197.77
19/01/2016;201.42
20/01/2016;197.18
21/01/2016;198.49
22/01/2016;202.67
25/01/2016;202.03
26/01/2016;204.16
27/01/2016;204.46
28/01/2016;206.54
29/01/2016;206
01/02/2016;205.66
02/02/2016;208.9
03/02/2016;207.68
04/02/2016;212.51
05/02/2016;211.78
08/02/2016;207.41
09/02/2016;205.5
10/02/2016;204.43
11/02/2016;202.94
12/02/2016;203.59
15/02/2016;206.93
16/02/2016;207.9
17/02/2016;206.93
18/02/2016;207.61
19/02/2016;208.2
22/02/2016;213.01
23/02/2016;211.53
24/02/2016;207.99
25/02/2016;211.15
26/02/2016;212.33
29/02/2016;213.42
01/03/2016;214.37
02/03/2016;216.82
03/03/2016;219.09
04/03/2016;223.08
07/03/2016;226.8
08/03/2016;225.91
09/03/2016;223.87
10/03/2016;223.19
11/03/2016;224.12
14/03/2016;226.52
15/03/2016;223.17
16/03/2016;224.3
17/03/2016;228.11
18/03/2016;231.47
21/03/2016;230.4
22/03/2016;229.97
23/03/2016;229.54
24/03/2016;223.67
29/03/2016;224.05
30/03/2016;224.07
31/03/2016;220.24
01/04/2016;221.35
04/04/2016;218.45
05/04/2016;216.64
06/04/2016;216.59
07/04/2016;213.87
08/04/2016;211.1
11/04/2016;210.69
12/04/2016;213.89
13/04/2016;219.45
14/04/2016;219.11
15/04/2016;218.34
18/04/2016;217.63
19/04/2016;218.27
20/04/2016;224.01
21/04/2016;227.95
22/04/2016;227.5
25/04/2016;226.82
26/04/2016;223.87
27/04/2016;223.71
28/04/2016;222.83
29/04/2016;228.84
03/05/2016;224.98
04/05/2016;221.9
05/05/2016;218.9
06/05/2016;218.18
09/05/2016;214.98
10/05/2016;213.64
11/05/2016;215.37
12/05/2016;215.18
13/05/2016;211.37
16/05/2016;210.49
17/05/2016;210.19
18/05/2016;208.68
19/05/2016;208.47
20/05/2016;210.04
23/05/2016;207.38
24/05/2016;210.33
25/05/2016;210.29
26/05/2016;213.44
27/05/2016;214.35
31/05/2016;213.19
01/06/2016;208.7
02/06/2016;208.65
03/06/2016;212.64
06/06/2016;213.46
07/06/2016;208.15
08/06/2016;208.22
09/06/2016;206.2
10/06/2016;204.3
13/06/2016;204.8
14/06/2016;204.59
15/06/2016;210.1
16/06/2016;205.23
17/06/2016;205.09
20/06/2016;207.97
21/06/2016;208.06
22/06/2016;212.62
23/06/2016;215.32
24/06/2016;211.51
27/06/2016;212.83
28/06/2016;216.7
29/06/2016;216.82
30/06/2016;218.95
01/07/2016;216.98
04/07/2016;223.17
05/07/2016;219.56
06/07/2016;213.46
07/07/2016;214.32
08/07/2016;213.64
11/07/2016;215.28
12/07/2016;218.25
13/07/2016;223.1
14/07/2016;222.78
15/07/2016;224.32
18/07/2016;219.49
19/07/2016;223.98
20/07/2016;222.28
21/07/2016;224.69
22/07/2016;224.8
25/07/2016;223.17
26/07/2016;220.54
27/07/2016;220.88
28/07/2016;220.54
29/07/2016;220.13
01/08/2016;222.58
02/08/2016;221.6
03/08/2016;219.74
04/08/2016;217.13
05/08/2016;217.38
08/08/2016;217.54
09/08/2016;216.77
10/08/2016;221.1
11/08/2016;218.18
12/08/2016;215.28
15/08/2016;215.28
16/08/2016;217.63
17/08/2016;215.71
18/08/2016;217.84
19/08/2016;216.55
22/08/2016;214.64
23/08/2016;214.05
24/08/2016;211.31
25/08/2016;210.44
26/08/2016;209.65
30/08/2016;209.06
31/08/2016;208.77
01/09/2016;209.56
02/09/2016;208.97
05/09/2016;208.79
06/09/2016;209.7
07/09/2016;210.6
08/09/2016;209.45
09/09/2016;209.67
12/09/2016;207.43
13/09/2016;210.53
14/09/2016;212.94
15/09/2016;214.41
16/09/2016;214.71
19/09/2016;214.62
20/09/2016;214.66
21/09/2016;214.69
22/09/2016;218.43
23/09/2016;218.4
26/09/2016;217.45
27/09/2016;216.59
28/09/2016;218.06
29/09/2016;218.47
30/09/2016;219.18
03/10/2016;218.04
04/10/2016;217.29
05/10/2016;216.7
06/10/2016;215.09
07/10/2016;215.09
10/10/2016;217.09
11/10/2016;217.79
12/10/2016;217.95
13/10/2016;215.66
14/10/2016;211.94
17/10/2016;211.9
18/10/2016;211.62
19/10/2016;210.58
20/10/2016;210.17
21/10/2016;210.33
24/10/2016;209.58
25/10/2016;214.1
26/10/2016;213.98
27/10/2016;216.55
28/10/2016;217.13
31/10/2016;218.97
01/11/2016;220.56
02/11/2016;220.94
03/11/2016;223.08
04/11/2016;224.21
07/11/2016;228.25
08/11/2016;228.79
09/11/2016;241.99
10/11/2016;254.87
11/11/2016;267.62
14/11/2016;254.92
15/11/2016;247.12
16/11/2016;247.62
17/11/2016;246.12
18/11/2016;247.03
21/11/2016;251.09
22/11/2016;254.83
23/11/2016;252.38
24/11/2016;264.65
25/11/2016;264.1
28/11/2016;269.23
29/11/2016;262.09
30/11/2016;260.36
01/12/2016;261.86
02/12/2016;260.18
05/12/2016;265.42
06/12/2016;265.62
07/12/2016;267.78
08/12/2016;264.81
09/12/2016;264.17
12/12/2016;261.13
13/12/2016;261.52
14/12/2016;260.14
15/12/2016;257.75
16/12/2016;256.23
19/12/2016;252.24
20/12/2016;248.82
21/12/2016;249.41
22/12/2016;246.12
23/12/2016;248.66
28/12/2016;248.84
29/12/2016;250.11
30/12/2016;249.52
03/01/2017;252.83
04/01/2017;249.5
05/01/2017;254.51
06/01/2017;251.59
09/01/2017;251.81
10/01/2017;255.92
11/01/2017;258.98
12/01/2017;260.93
13/01/2017;262.95
16/01/2017;265.67
17/01/2017;261.79
18/01/2017;259.5
19/01/2017;259
20/01/2017;258.82
23/01/2017;261.95
24/01/2017;266.67
25/01/2017;266.12
26/01/2017;267.17
27/01/2017;265.22
30/01/2017;265.67
31/01/2017;268.57
01/02/2017;269.03
02/02/2017;267.76
03/02/2017;264.72
06/02/2017;262.45
07/02/2017;263.17
08/02/2017;266.03
09/02/2017;265.94
10/02/2017;266.35
13/02/2017;277.19
14/02/2017;278.73
15/02/2017;272.88
16/02/2017;272.84
17/02/2017;269.39
20/02/2017;272.25
21/02/2017;273.7
22/02/2017;271.07
23/02/2017;271.75
24/02/2017;266.76
27/02/2017;268.84
28/02/2017;269.25
01/03/2017;273.97
02/03/2017;271.88
03/03/2017;268.07
06/03/2017;265.62
07/03/2017;263.4
08/03/2017;262.27
09/03/2017;256.51
10/03/2017;259.21
13/03/2017;262.81
14/03/2017;260.68
15/03/2017;265.35
16/03/2017;268.12
17/03/2017;267.12
20/03/2017;267.21
21/03/2017;261.52
22/03/2017;259.09
23/03/2017;262.65
24/03/2017;262.29
27/03/2017;257.35
28/03/2017;261.93
29/03/2017;265.22
30/03/2017;265.81
31/03/2017;265.31
03/04/2017;263.85
04/04/2017;259.66
05/04/2017;263.47
06/04/2017;266.28
07/04/2017;261.72
10/04/2017;259.95
11/04/2017;260.63
12/04/2017;257.87
13/04/2017;256.51
18/04/2017;254.94
19/04/2017;254.03
20/04/2017;254.53
21/04/2017;254.06
24/04/2017;254.56
25/04/2017;256.39
26/04/2017;257.53
27/04/2017;257.94
28/04/2017;258.03
02/05/2017;260.66
03/05/2017;255.67
04/05/2017;251.43
05/05/2017;250.86
08/05/2017;247.93
09/05/2017;249.29
10/05/2017;250.02
11/05/2017;253.13
12/05/2017;250.38
15/05/2017;253.38
16/05/2017;253.29
17/05/2017;252.88
18/05/2017;249.02
19/05/2017;253.83
22/05/2017;257.5
23/05/2017;256.76
24/05/2017;256.85
25/05/2017;256.96
26/05/2017;257.23
30/05/2017;254.37
31/05/2017;254.71
01/06/2017;255.67
02/06/2017;252.17
05/06/2017;253.4
06/06/2017;251.31
07/06/2017;252.9
08/06/2017;256.17
09/06/2017;260.32
12/06/2017;260.91
13/06/2017;256.69
14/06/2017;257.84
15/06/2017;255.69
16/06/2017;256.53
19/06/2017;257.96
20/06/2017;257.35
21/06/2017;256.28
22/06/2017;260.18
23/06/2017;261.9
26/06/2017;261.77
27/06/2017;262.58
28/06/2017;264.08
29/06/2017;267.87
30/06/2017;267.96
03/07/2017;267.35
04/07/2017;265.22
05/07/2017;263.9
06/07/2017;264.38
07/07/2017;263.49
10/07/2017;262.18
11/07/2017;262.86
12/07/2017;266.83
13/07/2017;267.71
14/07/2017;265.71
17/07/2017;270.59
18/07/2017;269.46
19/07/2017;270.16
20/07/2017;268.98
21/07/2017;272.22
24/07/2017;272.16
25/07/2017;278.96
26/07/2017;282.95
27/07/2017;286.9
28/07/2017;284.99
31/07/2017;287.9
01/08/2017;285.79
02/08/2017;285.76
03/08/2017;285.31
04/08/2017;287.12
07/08/2017;287.26
08/08/2017;288.67
09/08/2017;293.25
10/08/2017;291.05
11/08/2017;288.19
14/08/2017;288.08
15/08/2017;289.48
16/08/2017;291.8
17/08/2017;293.02
18/08/2017;292.7
21/08/2017;295.49
22/08/2017;298.65
23/08/2017;297.33
24/08/2017;298.33
25/08/2017;304.54
29/08/2017;308.31
30/08/2017;306.4
31/08/2017;308.08
01/09/2017;307.35
04/09/2017;311.75
05/09/2017;313.16
06/09/2017;311.35
07/09/2017;310.37
08/09/2017;307.54
11/09/2017;305.59
12/09/2017;299.44
13/09/2017;296.06
14/09/2017;291.14
15/09/2017;292.88
18/09/2017;294.25
19/09/2017;294.47
20/09/2017;295.74
21/09/2017;290.64
22/09/2017;290.53
25/09/2017;291.02
26/09/2017;291.34
27/09/2017;291.48
28/09/2017;290.53
29/09/2017;294.15
02/10/2017;292.79
03/10/2017;292.43
04/10/2017;292.7
05/10/2017;295.33
06/10/2017;301.14
09/10/2017;299.69
10/10/2017;301.23
11/10/2017;303.23
12/10/2017;309.03
13/10/2017;311.07
16/10/2017;320.37
17/10/2017;319.6
18/10/2017;316.22
19/10/2017;313.89
20/10/2017;317.9
23/10/2017;315.66
24/10/2017;320.85
25/10/2017;316.18
26/10/2017;315.93
27/10/2017;309.87
30/10/2017;309.49
31/10/2017;308.53
01/11/2017;313.8
02/11/2017;310.94
03/11/2017;313.64
06/11/2017;313.09
07/11/2017;311.3
08/11/2017;308.99
09/11/2017;307.4
10/11/2017;308.31
13/11/2017;306.99
14/11/2017;309.46
15/11/2017;304.61
16/11/2017;306.81
17/11/2017;305.2
20/11/2017;306.27
21/11/2017;309.71
22/11/2017;311.73
23/11/2017;312.77
24/11/2017;316.04
27/11/2017;312.62
28/11/2017;308.44
29/11/2017;306.47
30/11/2017;306.67
01/12/2017;305.45
04/12/2017;308.76
05/12/2017;301.41
06/12/2017;296.6
07/12/2017;296.22
08/12/2017;296.58
11/12/2017;296.99
12/12/2017;300.01
13/12/2017;303.23
14/12/2017;304.95
15/12/2017;305.52
18/12/2017;310.44
19/12/2017;310.48
20/12/2017;314.11
21/12/2017;316.47
22/12/2017;318.38
27/12/2017;323.87
28/12/2017;327.31
29/12/2017;324.64
